+ set -u
++ dirname tests/fm-atlas-gate.test.sh
+ . tests/lib.sh
++ '[' -n '' ']'
++ FM_TEST_LIB_SOURCED=1
++ umask 022
++ export FM_GATE_REFUSE_BYPASS=1
++ FM_GATE_REFUSE_BYPASS=1
++ unset FM_TASK_ID
++++ dirname tests/lib.sh
+++ cd tests/..
+++ pwd
++ ROOT=/home/ben/.no-mistakes/worktrees/3665d600861c/01M35Z81603SF5MCV2X9D1FSC2
++ FM_TEST_CLEANUP_DIRS=()
+++ mktemp /tmp/.fm-test-cleanup.584703.XXXXXX
++ FM_TEST_CLEANUP_REGISTRY=/tmp/.fm-test-cleanup.584703.1voXd2
+++ fm_test_pid_identity 584703
+++ local pid=584703
+++ FM_STATE_OVERRIDE=/tmp
+++ bash -c '. "$1"; fm_pid_identity "$2"' _ /home/ben/.no-mistakes/worktrees/3665d600861c/01M35Z81603SF5MCV2X9D1FSC2/bin/fm-wake-lib.sh 584703
++ FM_TEST_OWNER_IDENTITY='linux-starttime=1757391 cmdline-hex=62617368002d780074657374732f666d2d61746c61732d676174652e746573742e736800'
++ trap fm_test_cleanup EXIT
++ trap 'fm_test_cleanup; exit 130' INT
++ trap 'fm_test_cleanup; exit 143' TERM
++ FM_TEST_ORPHAN_MAX_AGE_SECONDS=3600
++ '[' 0 '!=' 1 ']'
++ fm_test_reap_orphans
++ local marker dir mtime now owner_pid owner_identity current_identity
+++ date +%s
++ now=1790132607
++ for marker in "${TMPDIR:-/tmp}"/fm-*/.fm-test-fixture
++ '[' -e /tmp/fm-atlas-gate.N37Pu0/.fm-test-fixture ']'
+++ sed -n 1p /tmp/fm-atlas-gate.N37Pu0/.fm-test-fixture
++ owner_pid=3926149
+++ sed -n '2,$p' /tmp/fm-atlas-gate.N37Pu0/.fm-test-fixture
++ owner_identity='linux-starttime=1404510 cmdline-hex=626173680074657374732f666d2d61746c61732d676174652e746573742e736800'
++ case "$owner_pid" in
+++ fm_test_pid_identity 3926149
++ current_identity=
++ current_identity=
++ '[' -n 'linux-starttime=1404510 cmdline-hex=626173680074657374732f666d2d61746c61732d676174652e746573742e736800' ']'
++ '[' '' = 'linux-starttime=1404510 cmdline-hex=626173680074657374732f666d2d61746c61732d676174652e746573742e736800' ']'
+++ stat -c %Y /tmp/fm-atlas-gate.N37Pu0/.fm-test-fixture
++ mtime=1790129079
++ '[' 3528 -ge 3600 ']'
++ continue
++ for marker in "${TMPDIR:-/tmp}"/fm-*/.fm-test-fixture
++ '[' -e /tmp/fm-atlas-gate.WVMyKX/.fm-test-fixture ']'
+++ sed -n 1p /tmp/fm-atlas-gate.WVMyKX/.fm-test-fixture
++ owner_pid=366497
+++ sed -n '2,$p' /tmp/fm-atlas-gate.WVMyKX/.fm-test-fixture
++ owner_identity='linux-starttime=1737951 cmdline-hex=626173680074657374732f666d2d61746c61732d676174652e746573742e736800'
++ case "$owner_pid" in
+++ fm_test_pid_identity 366497
++ current_identity=
++ current_identity=
++ '[' -n 'linux-starttime=1737951 cmdline-hex=626173680074657374732f666d2d61746c61732d676174652e746573742e736800' ']'
++ '[' '' = 'linux-starttime=1737951 cmdline-hex=626173680074657374732f666d2d61746c61732d676174652e746573742e736800' ']'
+++ stat -c %Y /tmp/fm-atlas-gate.WVMyKX/.fm-test-fixture
++ mtime=1790132414
++ '[' 193 -ge 3600 ']'
++ continue
++ for marker in "${TMPDIR:-/tmp}"/fm-*/.fm-test-fixture
++ '[' -e /tmp/fm-control-auth.mOoF3u/.fm-test-fixture ']'
+++ sed -n 1p /tmp/fm-control-auth.mOoF3u/.fm-test-fixture
++ owner_pid=3864459
+++ sed -n '2,$p' /tmp/fm-control-auth.mOoF3u/.fm-test-fixture
++ owner_identity='linux-starttime=1398871 cmdline-hex=626173680074657374732f666d2d636f6e74726f6c2d72656c61756e63682e746573742e736800'
++ case "$owner_pid" in
+++ fm_test_pid_identity 3864459
++ current_identity=
++ current_identity=
++ '[' -n 'linux-starttime=1398871 cmdline-hex=626173680074657374732f666d2d636f6e74726f6c2d72656c61756e63682e746573742e736800' ']'
++ '[' '' = 'linux-starttime=1398871 cmdline-hex=626173680074657374732f666d2d636f6e74726f6c2d72656c61756e63682e746573742e736800' ']'
+++ stat -c %Y /tmp/fm-control-auth.mOoF3u/.fm-test-fixture
++ mtime=1790129182
++ '[' 3425 -ge 3600 ']'
++ continue
++ for marker in "${TMPDIR:-/tmp}"/fm-*/.fm-test-fixture
++ '[' -e /tmp/fm-control-auth.Tbb0WZ/.fm-test-fixture ']'
+++ sed -n 1p /tmp/fm-control-auth.Tbb0WZ/.fm-test-fixture
++ owner_pid=763797
+++ sed -n '2,$p' /tmp/fm-control-auth.Tbb0WZ/.fm-test-fixture
++ owner_identity='linux-starttime=1477669 cmdline-hex=626173680074657374732f666d2d636f6e74726f6c2d72656c61756e63682e746573742e736800'
++ case "$owner_pid" in
+++ fm_test_pid_identity 763797
++ current_identity=
++ current_identity=
++ '[' -n 'linux-starttime=1477669 cmdline-hex=626173680074657374732f666d2d636f6e74726f6c2d72656c61756e63682e746573742e736800' ']'
++ '[' '' = 'linux-starttime=1477669 cmdline-hex=626173680074657374732f666d2d636f6e74726f6c2d72656c61756e63682e746573742e736800' ']'
+++ stat -c %Y /tmp/fm-control-auth.Tbb0WZ/.fm-test-fixture
++ mtime=1790129866
++ '[' 2741 -ge 3600 ']'
++ continue
++ for marker in "${TMPDIR:-/tmp}"/fm-*/.fm-test-fixture
++ '[' -e /tmp/fm-endpoint-retire.ZqS0FX/.fm-test-fixture ']'
+++ sed -n 1p /tmp/fm-endpoint-retire.ZqS0FX/.fm-test-fixture
++ owner_pid=1025726
+++ sed -n '2,$p' /tmp/fm-endpoint-retire.ZqS0FX/.fm-test-fixture
++ owner_identity='linux-starttime=1495565 cmdline-hex=626173680074657374732f666d2d656e64706f696e742d7265746972652e746573742e736800'
++ case "$owner_pid" in
+++ fm_test_pid_identity 1025726
++ current_identity=
++ current_identity=
++ '[' -n 'linux-starttime=1495565 cmdline-hex=626173680074657374732f666d2d656e64706f696e742d7265746972652e746573742e736800' ']'
++ '[' '' = 'linux-starttime=1495565 cmdline-hex=626173680074657374732f666d2d656e64706f696e742d7265746972652e746573742e736800' ']'
+++ stat -c %Y /tmp/fm-endpoint-retire.ZqS0FX/.fm-test-fixture
++ mtime=1790129989
++ '[' 2618 -ge 3600 ']'
++ continue
++ for marker in "${TMPDIR:-/tmp}"/fm-*/.fm-test-fixture
++ '[' -e /tmp/fm-pending-reply.lKZHlx/.fm-test-fixture ']'
+++ sed -n 1p /tmp/fm-pending-reply.lKZHlx/.fm-test-fixture
++ owner_pid=431294
+++ sed -n '2,$p' /tmp/fm-pending-reply.lKZHlx/.fm-test-fixture
++ owner_identity='linux-starttime=1741495 cmdline-hex=626173680074657374732f666d2d70656e64696e672d7265706c792e746573742e736800'
++ case "$owner_pid" in
+++ fm_test_pid_identity 431294
++ current_identity='linux-starttime=1741495 cmdline-hex=626173680074657374732f666d2d70656e64696e672d7265706c792e746573742e736800'
++ '[' -n 'linux-starttime=1741495 cmdline-hex=626173680074657374732f666d2d70656e64696e672d7265706c792e746573742e736800' ']'
++ '[' 'linux-starttime=1741495 cmdline-hex=626173680074657374732f666d2d70656e64696e672d7265706c792e746573742e736800' = 'linux-starttime=1741495 cmdline-hex=626173680074657374732f666d2d70656e64696e672d7265706c792e746573742e736800' ']'
++ continue
++ for marker in "${TMPDIR:-/tmp}"/fm-*/.fm-test-fixture
++ '[' -e /tmp/fm-pi-branch-responsiveness.jVaV2k/.fm-test-fixture ']'
+++ sed -n 1p /tmp/fm-pi-branch-responsiveness.jVaV2k/.fm-test-fixture
++ owner_pid=3886177
+++ sed -n '2,$p' /tmp/fm-pi-branch-responsiveness.jVaV2k/.fm-test-fixture
++ owner_identity='linux-starttime=1401416 cmdline-hex=626173680074657374732f666d2d70692d6272616e63682d726573706f6e736976656e6573732d6c6976652d6532652e746573742e736800'
++ case "$owner_pid" in
+++ fm_test_pid_identity 3886177
++ current_identity=
++ current_identity=
++ '[' -n 'linux-starttime=1401416 cmdline-hex=626173680074657374732f666d2d70692d6272616e63682d726573706f6e736976656e6573732d6c6976652d6532652e746573742e736800' ']'
++ '[' '' = 'linux-starttime=1401416 cmdline-hex=626173680074657374732f666d2d70692d6272616e63682d726573706f6e736976656e6573732d6c6976652d6532652e746573742e736800' ']'
+++ stat -c %Y /tmp/fm-pi-branch-responsiveness.jVaV2k/.fm-test-fixture
++ mtime=1790129048
++ '[' 3559 -ge 3600 ']'
++ continue
++ for marker in "${TMPDIR:-/tmp}"/fm-*/.fm-test-fixture
++ '[' -e /tmp/fm-remote-secondmate-e2e.sIHxfO/.fm-test-fixture ']'
+++ sed -n 1p /tmp/fm-remote-secondmate-e2e.sIHxfO/.fm-test-fixture
++ owner_pid=359654
+++ sed -n '2,$p' /tmp/fm-remote-secondmate-e2e.sIHxfO/.fm-test-fixture
++ owner_identity='linux-starttime=1737504 cmdline-hex=626173680074657374732f666d2d72656d6f74652d7365636f6e646d6174652d6c6966656379636c652d6532652e746573742e736800'
++ case "$owner_pid" in
+++ fm_test_pid_identity 359654
++ current_identity='linux-starttime=1737504 cmdline-hex=626173680074657374732f666d2d72656d6f74652d7365636f6e646d6174652d6c6966656379636c652d6532652e746573742e736800'
++ '[' -n 'linux-starttime=1737504 cmdline-hex=626173680074657374732f666d2d72656d6f74652d7365636f6e646d6174652d6c6966656379636c652d6532652e746573742e736800' ']'
++ '[' 'linux-starttime=1737504 cmdline-hex=626173680074657374732f666d2d72656d6f74652d7365636f6e646d6174652d6c6966656379636c652d6532652e746573742e736800' = 'linux-starttime=1737504 cmdline-hex=626173680074657374732f666d2d72656d6f74652d7365636f6e646d6174652d6c6966656379636c652d6532652e746573742e736800' ']'
++ continue
++ FM_TEST_CORE_TOOLS='bash sh cat mkdir rmdir rm cp mv chmod chown mktemp dirname basename sed grep egrep fgrep find sort head tail wc tr cut date ln touch awk xargs jq perl git uname cmp diff readlink stat sleep expr uniq seq timeout printf env true false shasum sha256sum cksum ps od base64 mkfifo nohup id'
+ fm_git_identity fmtest fmtest@example.invalid
+ export GIT_AUTHOR_NAME=fmtest GIT_AUTHOR_EMAIL=fmtest@example.invalid
+ GIT_AUTHOR_NAME=fmtest
+ GIT_AUTHOR_EMAIL=fmtest@example.invalid
+ export GIT_COMMITTER_NAME=fmtest GIT_COMMITTER_EMAIL=fmtest@example.invalid
+ GIT_COMMITTER_NAME=fmtest
+ GIT_COMMITTER_EMAIL=fmtest@example.invalid
+ unset ATLAS_REPO SPECS_REPO ATLAS_AXI_BY SPEC_AXI_ACTOR ATLAS_AXI_DASH
+ HOOK=/home/ben/.no-mistakes/worktrees/3665d600861c/01M35Z81603SF5MCV2X9D1FSC2/bin/fm-atlas-hook.sh
+ SPAWN=/home/ben/.no-mistakes/worktrees/3665d600861c/01M35Z81603SF5MCV2X9D1FSC2/bin/fm-spawn.sh
+ MERGE_LOCAL=/home/ben/.no-mistakes/worktrees/3665d600861c/01M35Z81603SF5MCV2X9D1FSC2/bin/fm-merge-local.sh
+ PR_MERGE=/home/ben/.no-mistakes/worktrees/3665d600861c/01M35Z81603SF5MCV2X9D1FSC2/bin/fm-pr-merge.sh
+ TEARDOWN=/home/ben/.no-mistakes/worktrees/3665d600861c/01M35Z81603SF5MCV2X9D1FSC2/bin/fm-teardown.sh
++ fm_test_tmproot fm-atlas-gate
++ local prefix=fm-atlas-gate root tmp_base
++ tmp_base=/tmp
++ tmp_base=/tmp
+++ mktemp -d /tmp/fm-atlas-gate.XXXXXX
++ root=/tmp/fm-atlas-gate.UG464v
+++ cd -P -- /tmp/fm-atlas-gate.UG464v
+++ pwd -P
++ root=/tmp/fm-atlas-gate.UG464v
++ printf '%s\n%s\n' 584703 'linux-starttime=1757391 cmdline-hex=62617368002d780074657374732f666d2d61746c61732d676174652e746573742e736800'
++ printf '%s\n' /tmp/fm-atlas-gate.UG464v
++ printf '%s\n' /tmp/fm-atlas-gate.UG464v
+ TMP_ROOT=/tmp/fm-atlas-gate.UG464v
+ TASK_TMPS=()
+ command -v jq
+ trap gate_cleanup EXIT
+ MOCK_BIN=/tmp/fm-atlas-gate.UG464v/store-mock
+ REAL_BIN=/tmp/fm-atlas-gate.UG464v/store-real
+ mkdir -p /tmp/fm-atlas-gate.UG464v/store-mock /tmp/fm-atlas-gate.UG464v/store-real
+ cat
+ chmod +x /tmp/fm-atlas-gate.UG464v/store-mock/atlas-axi
+ STORES=mock
++ command -v atlas-axi
+ REAL_ATLAS=/home/ben/.npm-global/bin/atlas-axi
+ '[' -n /home/ben/.npm-global/bin/atlas-axi ']'
+ '[' 1 '!=' 0 ']'
+ probe=/tmp/fm-atlas-gate.UG464v/real-probe
+ fm_git_init_commit /tmp/fm-atlas-gate.UG464v/real-probe
+ HOME=/tmp/fm-atlas-gate.UG464v
+ /home/ben/.npm-global/bin/atlas-axi --repo /tmp/fm-atlas-gate.UG464v/real-probe create 'Probe project' --name probe --desc 'A throwaway region that proves this atlas-axi can open a temp store.'
+ ln -s /home/ben/.npm-global/bin/atlas-axi /tmp/fm-atlas-gate.UG464v/store-real/atlas-axi
+ STORES='mock real'
+ for store in $STORES
+ test_complete_refused_for_approval mock
+ local store=mock out rc
+ make_home mock complete-approval human none
+ local store=mock name=complete-approval review=human surface=none seeded
+ shift 4
+ HOME_DIR=/tmp/fm-atlas-gate.UG464v/mock-complete-approval
+ REPO=/tmp/fm-atlas-gate.UG464v/mock-complete-approval/specs
+ mkdir -p /tmp/fm-atlas-gate.UG464v/mock-complete-approval/state /tmp/fm-atlas-gate.UG464v/mock-complete-approval/config /tmp/fm-atlas-gate.UG464v/mock-complete-approval/data /tmp/fm-atlas-gate.UG464v/mock-complete-approval/fakebin /tmp/fm-atlas-gate.UG464v/mock-complete-approval/specs
++ seed_store mock /tmp/fm-atlas-gate.UG464v/mock-complete-approval/specs human none
++ local store=mock repo=/tmp/fm-atlas-gate.UG464v/mock-complete-approval/specs review=human surface=none json
++ case "$store" in
++ mkdir -p /tmp/fm-atlas-gate.UG464v/mock-complete-approval/specs/atlas/mock
++ printf '%s\n' '{"id":"n1","path_":"demo/thing","holder":null,"cond":"charted","stage":null}'
++ jq -n --arg r human --arg s none $'{id: "c1", node: "n1", nodePath: "demo/thing",\n        state: "queued", review: $r, captainSurface: $s, testing: null, captain: null,\n        path: ["building", "review", "captain-review", "merge"]}'
+++ atlas_in mock /tmp/fm-atlas-gate.UG464v/mock-complete-approval/specs ticket list demo/thing --json
+++ local store=mock repo=/tmp/fm-atlas-gate.UG464v/mock-complete-approval/specs
+++ shift 2
+++ HOME=/tmp/fm-atlas-gate.UG464v
++++ store_bin mock
++++ case "$1" in
++++ printf '%s\n' /tmp/fm-atlas-gate.UG464v/store-mock
+++ PATH=/tmp/fm-atlas-gate.UG464v/store-mock:/home/ben/.pi/agent/bin:/home/ben/.npm-global/bin:/home/ben/.local/bin:/home/ben/.npm-global/bin:/home/ben/.local/bin:/run/wrappers/bin:/home/ben/.nix-profile/bin:/nix/profile/bin:/home/ben/.local/state/nix/profile/bin:/etc/profiles/per-user/ben/bin:/nix/var/nix/profiles/default/bin:/run/current-system/sw/bin:/home/ben/go/bin:/home/ben/.cargo/bin:/home/ben/bin:/opt/homebrew/bin:/opt/homebrew/sbin:/usr/local/bin:/usr/local/sbin:/usr/bin:/bin:/usr/sbin:/sbin
+++ atlas-axi --repo /tmp/fm-atlas-gate.UG464v/mock-complete-approval/specs ticket list demo/thing --json
++ json=$'[\n  {\n    "id": "c1",\n    "node": "n1",\n    "nodePath": "demo/thing",\n    "state": "queued",\n    "review": "human",\n    "captainSurface": "none",\n    "testing": null,\n    "captain": null,\n    "path": [\n      "building",\n      "review",\n      "captain-review",\n      "merge"\n    ]\n  }\n]'
+++ printf %s $'[\n  {\n    "id": "c1",\n    "node": "n1",\n    "nodePath": "demo/thing",\n    "state": "queued",\n    "review": "human",\n    "captainSurface": "none",\n    "testing": null,\n    "captain": null,\n    "path": [\n      "building",\n      "review",\n      "captain-review",\n      "merge"\n    ]\n  }\n]'
+++ jq -r '.[0].id'
+++ printf %s $'[\n  {\n    "id": "c1",\n    "node": "n1",\n    "nodePath": "demo/thing",\n    "state": "queued",\n    "review": "human",\n    "captainSurface": "none",\n    "testing": null,\n    "captain": null,\n    "path": [\n      "building",\n      "review",\n      "captain-review",\n      "merge"\n    ]\n  }\n]'
+++ jq -r '.[0].node'
++ set -- c1 n1
++ atlas_in mock /tmp/fm-atlas-gate.UG464v/mock-complete-approval/specs --by fm-spawn ticket start c1 --to fm-task-a1 --task task-a1
++ printf '%s %s\n' c1 n1
+ seeded='c1 n1'
+ TICKET=c1
+ printf '%s\n' /tmp/fm-atlas-gate.UG464v/mock-complete-approval/specs
+ fm_write_meta /tmp/fm-atlas-gate.UG464v/mock-complete-approval/state/task-a1.meta window=firstmate:fm-task-a1 worktree=/tmp/fm-atlas-gate.UG464v/mock-complete-approval/wt project=/tmp/fm-atlas-gate.UG464v/mock-complete-approval/project kind=ship mode=no-mistakes atlas_ticket=c1
+ local file=/tmp/fm-atlas-gate.UG464v/mock-complete-approval/state/task-a1.meta kv
+ shift
+ :
+ for kv in "$@"
+ printf '%s\n' window=firstmate:fm-task-a1
+ for kv in "$@"
+ printf '%s\n' worktree=/tmp/fm-atlas-gate.UG464v/mock-complete-approval/wt
+ for kv in "$@"
+ printf '%s\n' project=/tmp/fm-atlas-gate.UG464v/mock-complete-approval/project
+ for kv in "$@"
+ printf '%s\n' kind=ship
+ for kv in "$@"
+ printf '%s\n' mode=no-mistakes
+ for kv in "$@"
+ printf '%s\n' atlas_ticket=c1
+ set +e
++ in_home mock /home/ben/.no-mistakes/worktrees/3665d600861c/01M35Z81603SF5MCV2X9D1FSC2/bin/fm-atlas-hook.sh complete task-a1 --actor fm-pr-merge --restage merge --evidence https://example.invalid/pr/1 --summary merged
+ out=$'++ local store=mock\n++ shift\n++ HOME=/tmp/fm-atlas-gate.UG464v\n++ FM_ROOT_OVERRIDE=/home/ben/.no-mistakes/worktrees/3665d600861c/01M35Z81603SF5MCV2X9D1FSC2\n++ FM_HOME=/tmp/fm-atlas-gate.UG464v/mock-complete-approval\n++ FM_STATE_OVERRIDE=/tmp/fm-atlas-gate.UG464v/mock-complete-approval/state\n++ FM_DATA_OVERRIDE=/tmp/fm-atlas-gate.UG464v/mock-complete-approval/data\n++ FM_CONFIG_OVERRIDE=/tmp/fm-atlas-gate.UG464v/mock-complete-approval/config\n+++ store_bin mock\n+++ case "$1" in\n+++ printf \'%s\\n\' /tmp/fm-atlas-gate.UG464v/store-mock\n++ PATH=/tmp/fm-atlas-gate.UG464v/mock-complete-approval/fakebin:/tmp/fm-atlas-gate.UG464v/store-mock:/home/ben/.pi/agent/bin:/home/ben/.npm-global/bin:/home/ben/.local/bin:/home/ben/.npm-global/bin:/home/ben/.local/bin:/run/wrappers/bin:/home/ben/.nix-profile/bin:/nix/profile/bin:/home/ben/.local/state/nix/profile/bin:/etc/profiles/per-user/ben/bin:/nix/var/nix/profiles/default/bin:/run/current-system/sw/bin:/home/ben/go/bin:/home/ben/.cargo/bin:/home/ben/bin:/opt/homebrew/bin:/opt/homebrew/sbin:/usr/local/bin:/usr/local/sbin:/usr/bin:/bin:/usr/sbin:/sbin\n++ /home/ben/.no-mistakes/worktrees/3665d600861c/01M35Z81603SF5MCV2X9D1FSC2/bin/fm-atlas-hook.sh complete task-a1 --actor fm-pr-merge --restage merge --evidence https://example.invalid/pr/1 --summary merged\natlas-hook: complete ticket c1 refused for task-a1 (the captain\'s approval is missing); node n1 released; the status log says so'
+ rc=0
+ set -e
+ expect_code 0 0 'mock: a refused complete must still exit 0'
+ local expected=0 actual=0 'label=mock: a refused complete must still exit 0'
+ '[' 0 = 0 ']'
+ assert_one_gate_line mock /tmp/fm-atlas-gate.UG464v/mock-complete-approval/state/task-a1.status 'captain'\''s approval' 'refused complete'
+ local lines count
++ gate_lines /tmp/fm-atlas-gate.UG464v/mock-complete-approval/state/task-a1.status
++ grep -F '[key=atlas-gate-c1]' /tmp/fm-atlas-gate.UG464v/mock-complete-approval/state/task-a1.status
+ lines='blocked [key=atlas-gate-c1]: the Atlas refused to complete ticket c1 for task task-a1: the captain'\''s approval is missing; node n1 released'
++ printf %s 'blocked [key=atlas-gate-c1]: the Atlas refused to complete ticket c1 for task task-a1: the captain'\''s approval is missing; node n1 released'
++ grep -c .
+ count=1
+ '[' 1 = 1 ']'
+ case "$lines" in
+ assert_contains 'blocked [key=atlas-gate-c1]: the Atlas refused to complete ticket c1 for task task-a1: the captain'\''s approval is missing; node n1 released' c1 'mock: refused complete: the gate line does not name the ticket'
+ case "$1" in
+ :
+ assert_contains 'blocked [key=atlas-gate-c1]: the Atlas refused to complete ticket c1 for task task-a1: the captain'\''s approval is missing; node n1 released' 'captain'\''s approval' 'mock: refused complete: the gate line does not name the missing gate'
+ case "$1" in
+ :
++ ticket_field mock /tmp/fm-atlas-gate.UG464v/mock-complete-approval/specs c1 .state
++ atlas_in mock /tmp/fm-atlas-gate.UG464v/mock-complete-approval/specs ticket show c1 --json
++ local store=mock repo=/tmp/fm-atlas-gate.UG464v/mock-complete-approval/specs
++ shift 2
++ HOME=/tmp/fm-atlas-gate.UG464v
+++ store_bin mock
+++ case "$1" in
+++ printf '%s\n' /tmp/fm-atlas-gate.UG464v/store-mock
++ jq -r '.change.state // empty'
++ PATH=/tmp/fm-atlas-gate.UG464v/store-mock:/home/ben/.pi/agent/bin:/home/ben/.npm-global/bin:/home/ben/.local/bin:/home/ben/.npm-global/bin:/home/ben/.local/bin:/run/wrappers/bin:/home/ben/.nix-profile/bin:/nix/profile/bin:/home/ben/.local/state/nix/profile/bin:/etc/profiles/per-user/ben/bin:/nix/var/nix/profiles/default/bin:/run/current-system/sw/bin:/home/ben/go/bin:/home/ben/.cargo/bin:/home/ben/bin:/opt/homebrew/bin:/opt/homebrew/sbin:/usr/local/bin:/usr/local/sbin:/usr/bin:/bin:/usr/sbin:/sbin
++ atlas-axi --repo /tmp/fm-atlas-gate.UG464v/mock-complete-approval/specs ticket show c1 --json
+ '[' started = started ']'
++ node_field mock /tmp/fm-atlas-gate.UG464v/mock-complete-approval/specs .holder
++ atlas_in mock /tmp/fm-atlas-gate.UG464v/mock-complete-approval/specs show demo/thing --json
++ local store=mock repo=/tmp/fm-atlas-gate.UG464v/mock-complete-approval/specs
++ shift 2
++ HOME=/tmp/fm-atlas-gate.UG464v
++ jq -r '.holder // empty'
+++ store_bin mock
+++ case "$1" in
+++ printf '%s\n' /tmp/fm-atlas-gate.UG464v/store-mock
++ PATH=/tmp/fm-atlas-gate.UG464v/store-mock:/home/ben/.pi/agent/bin:/home/ben/.npm-global/bin:/home/ben/.local/bin:/home/ben/.npm-global/bin:/home/ben/.local/bin:/run/wrappers/bin:/home/ben/.nix-profile/bin:/nix/profile/bin:/home/ben/.local/state/nix/profile/bin:/etc/profiles/per-user/ben/bin:/nix/var/nix/profiles/default/bin:/run/current-system/sw/bin:/home/ben/go/bin:/home/ben/.cargo/bin:/home/ben/bin:/opt/homebrew/bin:/opt/homebrew/sbin:/usr/local/bin:/usr/local/sbin:/usr/bin:/bin:/usr/sbin:/sbin
++ atlas-axi --repo /tmp/fm-atlas-gate.UG464v/mock-complete-approval/specs show demo/thing --json
+ '[' -z '' ']'
+ assert_contains $'++ local store=mock\n++ shift\n++ HOME=/tmp/fm-atlas-gate.UG464v\n++ FM_ROOT_OVERRIDE=/home/ben/.no-mistakes/worktrees/3665d600861c/01M35Z81603SF5MCV2X9D1FSC2\n++ FM_HOME=/tmp/fm-atlas-gate.UG464v/mock-complete-approval\n++ FM_STATE_OVERRIDE=/tmp/fm-atlas-gate.UG464v/mock-complete-approval/state\n++ FM_DATA_OVERRIDE=/tmp/fm-atlas-gate.UG464v/mock-complete-approval/data\n++ FM_CONFIG_OVERRIDE=/tmp/fm-atlas-gate.UG464v/mock-complete-approval/config\n+++ store_bin mock\n+++ case "$1" in\n+++ printf \'%s\\n\' /tmp/fm-atlas-gate.UG464v/store-mock\n++ PATH=/tmp/fm-atlas-gate.UG464v/mock-complete-approval/fakebin:/tmp/fm-atlas-gate.UG464v/store-mock:/home/ben/.pi/agent/bin:/home/ben/.npm-global/bin:/home/ben/.local/bin:/home/ben/.npm-global/bin:/home/ben/.local/bin:/run/wrappers/bin:/home/ben/.nix-profile/bin:/nix/profile/bin:/home/ben/.local/state/nix/profile/bin:/etc/profiles/per-user/ben/bin:/nix/var/nix/profiles/default/bin:/run/current-system/sw/bin:/home/ben/go/bin:/home/ben/.cargo/bin:/home/ben/bin:/opt/homebrew/bin:/opt/homebrew/sbin:/usr/local/bin:/usr/local/sbin:/usr/bin:/bin:/usr/sbin:/sbin\n++ /home/ben/.no-mistakes/worktrees/3665d600861c/01M35Z81603SF5MCV2X9D1FSC2/bin/fm-atlas-hook.sh complete task-a1 --actor fm-pr-merge --restage merge --evidence https://example.invalid/pr/1 --summary merged\natlas-hook: complete ticket c1 refused for task-a1 (the captain\'s approval is missing); node n1 released; the status log says so' refused 'mock: the refusal must be reported, never passed off as success'
+ case "$1" in
+ :
+ assert_not_contains $'++ local store=mock\n++ shift\n++ HOME=/tmp/fm-atlas-gate.UG464v\n++ FM_ROOT_OVERRIDE=/home/ben/.no-mistakes/worktrees/3665d600861c/01M35Z81603SF5MCV2X9D1FSC2\n++ FM_HOME=/tmp/fm-atlas-gate.UG464v/mock-complete-approval\n++ FM_STATE_OVERRIDE=/tmp/fm-atlas-gate.UG464v/mock-complete-approval/state\n++ FM_DATA_OVERRIDE=/tmp/fm-atlas-gate.UG464v/mock-complete-approval/data\n++ FM_CONFIG_OVERRIDE=/tmp/fm-atlas-gate.UG464v/mock-complete-approval/config\n+++ store_bin mock\n+++ case "$1" in\n+++ printf \'%s\\n\' /tmp/fm-atlas-gate.UG464v/store-mock\n++ PATH=/tmp/fm-atlas-gate.UG464v/mock-complete-approval/fakebin:/tmp/fm-atlas-gate.UG464v/store-mock:/home/ben/.pi/agent/bin:/home/ben/.npm-global/bin:/home/ben/.local/bin:/home/ben/.npm-global/bin:/home/ben/.local/bin:/run/wrappers/bin:/home/ben/.nix-profile/bin:/nix/profile/bin:/home/ben/.local/state/nix/profile/bin:/etc/profiles/per-user/ben/bin:/nix/var/nix/profiles/default/bin:/run/current-system/sw/bin:/home/ben/go/bin:/home/ben/.cargo/bin:/home/ben/bin:/opt/homebrew/bin:/opt/homebrew/sbin:/usr/local/bin:/usr/local/sbin:/usr/bin:/bin:/usr/sbin:/sbin\n++ /home/ben/.no-mistakes/worktrees/3665d600861c/01M35Z81603SF5MCV2X9D1FSC2/bin/fm-atlas-hook.sh complete task-a1 --actor fm-pr-merge --restage merge --evidence https://example.invalid/pr/1 --summary merged\natlas-hook: complete ticket c1 refused for task-a1 (the captain\'s approval is missing); node n1 released; the status log says so' completed 'mock: a refused complete was reported as completed'
+ case "$1" in
+ :
+ pass 'mock: a complete the captain gate refuses releases the node and leaves one keyed status line'
+ printf 'ok - %s\n' 'mock: a complete the captain gate refuses releases the node and leaves one keyed status line'
ok - mock: a complete the captain gate refuses releases the node and leaves one keyed status line
+ test_complete_refused_for_testing_brief mock
+ local store=mock
+ make_home mock complete-brief adversarial 'the demo page'
+ local store=mock name=complete-brief review=adversarial 'surface=the demo page' seeded
+ shift 4
+ HOME_DIR=/tmp/fm-atlas-gate.UG464v/mock-complete-brief
+ REPO=/tmp/fm-atlas-gate.UG464v/mock-complete-brief/specs
+ mkdir -p /tmp/fm-atlas-gate.UG464v/mock-complete-brief/state /tmp/fm-atlas-gate.UG464v/mock-complete-brief/config /tmp/fm-atlas-gate.UG464v/mock-complete-brief/data /tmp/fm-atlas-gate.UG464v/mock-complete-brief/fakebin /tmp/fm-atlas-gate.UG464v/mock-complete-brief/specs
++ seed_store mock /tmp/fm-atlas-gate.UG464v/mock-complete-brief/specs adversarial 'the demo page'
++ local store=mock repo=/tmp/fm-atlas-gate.UG464v/mock-complete-brief/specs review=adversarial 'surface=the demo page' json
++ case "$store" in
++ mkdir -p /tmp/fm-atlas-gate.UG464v/mock-complete-brief/specs/atlas/mock
++ printf '%s\n' '{"id":"n1","path_":"demo/thing","holder":null,"cond":"charted","stage":null}'
++ jq -n --arg r adversarial --arg s 'the demo page' $'{id: "c1", node: "n1", nodePath: "demo/thing",\n        state: "queued", review: $r, captainSurface: $s, testing: null, captain: null,\n        path: ["building", "review", "captain-review", "merge"]}'
+++ atlas_in mock /tmp/fm-atlas-gate.UG464v/mock-complete-brief/specs ticket list demo/thing --json
+++ local store=mock repo=/tmp/fm-atlas-gate.UG464v/mock-complete-brief/specs
+++ shift 2
+++ HOME=/tmp/fm-atlas-gate.UG464v
++++ store_bin mock
++++ case "$1" in
++++ printf '%s\n' /tmp/fm-atlas-gate.UG464v/store-mock
+++ PATH=/tmp/fm-atlas-gate.UG464v/store-mock:/home/ben/.pi/agent/bin:/home/ben/.npm-global/bin:/home/ben/.local/bin:/home/ben/.npm-global/bin:/home/ben/.local/bin:/run/wrappers/bin:/home/ben/.nix-profile/bin:/nix/profile/bin:/home/ben/.local/state/nix/profile/bin:/etc/profiles/per-user/ben/bin:/nix/var/nix/profiles/default/bin:/run/current-system/sw/bin:/home/ben/go/bin:/home/ben/.cargo/bin:/home/ben/bin:/opt/homebrew/bin:/opt/homebrew/sbin:/usr/local/bin:/usr/local/sbin:/usr/bin:/bin:/usr/sbin:/sbin
+++ atlas-axi --repo /tmp/fm-atlas-gate.UG464v/mock-complete-brief/specs ticket list demo/thing --json
++ json=$'[\n  {\n    "id": "c1",\n    "node": "n1",\n    "nodePath": "demo/thing",\n    "state": "queued",\n    "review": "adversarial",\n    "captainSurface": "the demo page",\n    "testing": null,\n    "captain": null,\n    "path": [\n      "building",\n      "review",\n      "captain-review",\n      "merge"\n    ]\n  }\n]'
+++ printf %s $'[\n  {\n    "id": "c1",\n    "node": "n1",\n    "nodePath": "demo/thing",\n    "state": "queued",\n    "review": "adversarial",\n    "captainSurface": "the demo page",\n    "testing": null,\n    "captain": null,\n    "path": [\n      "building",\n      "review",\n      "captain-review",\n      "merge"\n    ]\n  }\n]'
+++ jq -r '.[0].id'
+++ printf %s $'[\n  {\n    "id": "c1",\n    "node": "n1",\n    "nodePath": "demo/thing",\n    "state": "queued",\n    "review": "adversarial",\n    "captainSurface": "the demo page",\n    "testing": null,\n    "captain": null,\n    "path": [\n      "building",\n      "review",\n      "captain-review",\n      "merge"\n    ]\n  }\n]'
+++ jq -r '.[0].node'
++ set -- c1 n1
++ atlas_in mock /tmp/fm-atlas-gate.UG464v/mock-complete-brief/specs --by fm-spawn ticket start c1 --to fm-task-a1 --task task-a1
++ printf '%s %s\n' c1 n1
+ seeded='c1 n1'
+ TICKET=c1
+ printf '%s\n' /tmp/fm-atlas-gate.UG464v/mock-complete-brief/specs
+ fm_write_meta /tmp/fm-atlas-gate.UG464v/mock-complete-brief/state/task-a1.meta window=firstmate:fm-task-a1 worktree=/tmp/fm-atlas-gate.UG464v/mock-complete-brief/wt project=/tmp/fm-atlas-gate.UG464v/mock-complete-brief/project kind=ship mode=no-mistakes atlas_ticket=c1
+ local file=/tmp/fm-atlas-gate.UG464v/mock-complete-brief/state/task-a1.meta kv
+ shift
+ :
+ for kv in "$@"
+ printf '%s\n' window=firstmate:fm-task-a1
+ for kv in "$@"
+ printf '%s\n' worktree=/tmp/fm-atlas-gate.UG464v/mock-complete-brief/wt
+ for kv in "$@"
+ printf '%s\n' project=/tmp/fm-atlas-gate.UG464v/mock-complete-brief/project
+ for kv in "$@"
+ printf '%s\n' kind=ship
+ for kv in "$@"
+ printf '%s\n' mode=no-mistakes
+ for kv in "$@"
+ printf '%s\n' atlas_ticket=c1
+ in_home mock /home/ben/.no-mistakes/worktrees/3665d600861c/01M35Z81603SF5MCV2X9D1FSC2/bin/fm-atlas-hook.sh complete task-a1 --actor fm-pr-merge --evidence https://example.invalid/pr/2 --summary merged
+ assert_one_gate_line mock /tmp/fm-atlas-gate.UG464v/mock-complete-brief/state/task-a1.status 'testing brief' 'missing brief'
+ local lines count
++ gate_lines /tmp/fm-atlas-gate.UG464v/mock-complete-brief/state/task-a1.status
++ grep -F '[key=atlas-gate-c1]' /tmp/fm-atlas-gate.UG464v/mock-complete-brief/state/task-a1.status
+ lines='blocked [key=atlas-gate-c1]: the Atlas refused to complete ticket c1 for task task-a1: the testing brief is missing; node n1 released'
++ printf %s 'blocked [key=atlas-gate-c1]: the Atlas refused to complete ticket c1 for task task-a1: the testing brief is missing; node n1 released'
++ grep -c .
+ count=1
+ '[' 1 = 1 ']'
+ case "$lines" in
+ assert_contains 'blocked [key=atlas-gate-c1]: the Atlas refused to complete ticket c1 for task task-a1: the testing brief is missing; node n1 released' c1 'mock: missing brief: the gate line does not name the ticket'
+ case "$1" in
+ :
+ assert_contains 'blocked [key=atlas-gate-c1]: the Atlas refused to complete ticket c1 for task task-a1: the testing brief is missing; node n1 released' 'testing brief' 'mock: missing brief: the gate line does not name the missing gate'
+ case "$1" in
+ :
++ node_field mock /tmp/fm-atlas-gate.UG464v/mock-complete-brief/specs .holder
++ atlas_in mock /tmp/fm-atlas-gate.UG464v/mock-complete-brief/specs show demo/thing --json
++ local store=mock repo=/tmp/fm-atlas-gate.UG464v/mock-complete-brief/specs
++ shift 2
++ HOME=/tmp/fm-atlas-gate.UG464v
++ jq -r '.holder // empty'
+++ store_bin mock
+++ case "$1" in
+++ printf '%s\n' /tmp/fm-atlas-gate.UG464v/store-mock
++ PATH=/tmp/fm-atlas-gate.UG464v/store-mock:/home/ben/.pi/agent/bin:/home/ben/.npm-global/bin:/home/ben/.local/bin:/home/ben/.npm-global/bin:/home/ben/.local/bin:/run/wrappers/bin:/home/ben/.nix-profile/bin:/nix/profile/bin:/home/ben/.local/state/nix/profile/bin:/etc/profiles/per-user/ben/bin:/nix/var/nix/profiles/default/bin:/run/current-system/sw/bin:/home/ben/go/bin:/home/ben/.cargo/bin:/home/ben/bin:/opt/homebrew/bin:/opt/homebrew/sbin:/usr/local/bin:/usr/local/sbin:/usr/bin:/bin:/usr/sbin:/sbin
++ atlas-axi --repo /tmp/fm-atlas-gate.UG464v/mock-complete-brief/specs show demo/thing --json
+ '[' -z '' ']'
+ pass 'mock: a complete refused for a missing testing brief names that gate'
+ printf 'ok - %s\n' 'mock: a complete refused for a missing testing brief names that gate'
ok - mock: a complete refused for a missing testing brief names that gate
+ test_complete_with_captain_word mock
+ local store=mock
+ make_home mock complete-word human none
+ local store=mock name=complete-word review=human surface=none seeded
+ shift 4
+ HOME_DIR=/tmp/fm-atlas-gate.UG464v/mock-complete-word
+ REPO=/tmp/fm-atlas-gate.UG464v/mock-complete-word/specs
+ mkdir -p /tmp/fm-atlas-gate.UG464v/mock-complete-word/state /tmp/fm-atlas-gate.UG464v/mock-complete-word/config /tmp/fm-atlas-gate.UG464v/mock-complete-word/data /tmp/fm-atlas-gate.UG464v/mock-complete-word/fakebin /tmp/fm-atlas-gate.UG464v/mock-complete-word/specs
++ seed_store mock /tmp/fm-atlas-gate.UG464v/mock-complete-word/specs human none
++ local store=mock repo=/tmp/fm-atlas-gate.UG464v/mock-complete-word/specs review=human surface=none json
++ case "$store" in
++ mkdir -p /tmp/fm-atlas-gate.UG464v/mock-complete-word/specs/atlas/mock
++ printf '%s\n' '{"id":"n1","path_":"demo/thing","holder":null,"cond":"charted","stage":null}'
++ jq -n --arg r human --arg s none $'{id: "c1", node: "n1", nodePath: "demo/thing",\n        state: "queued", review: $r, captainSurface: $s, testing: null, captain: null,\n        path: ["building", "review", "captain-review", "merge"]}'
+++ atlas_in mock /tmp/fm-atlas-gate.UG464v/mock-complete-word/specs ticket list demo/thing --json
+++ local store=mock repo=/tmp/fm-atlas-gate.UG464v/mock-complete-word/specs
+++ shift 2
+++ HOME=/tmp/fm-atlas-gate.UG464v
++++ store_bin mock
++++ case "$1" in
++++ printf '%s\n' /tmp/fm-atlas-gate.UG464v/store-mock
+++ PATH=/tmp/fm-atlas-gate.UG464v/store-mock:/home/ben/.pi/agent/bin:/home/ben/.npm-global/bin:/home/ben/.local/bin:/home/ben/.npm-global/bin:/home/ben/.local/bin:/run/wrappers/bin:/home/ben/.nix-profile/bin:/nix/profile/bin:/home/ben/.local/state/nix/profile/bin:/etc/profiles/per-user/ben/bin:/nix/var/nix/profiles/default/bin:/run/current-system/sw/bin:/home/ben/go/bin:/home/ben/.cargo/bin:/home/ben/bin:/opt/homebrew/bin:/opt/homebrew/sbin:/usr/local/bin:/usr/local/sbin:/usr/bin:/bin:/usr/sbin:/sbin
+++ atlas-axi --repo /tmp/fm-atlas-gate.UG464v/mock-complete-word/specs ticket list demo/thing --json
++ json=$'[\n  {\n    "id": "c1",\n    "node": "n1",\n    "nodePath": "demo/thing",\n    "state": "queued",\n    "review": "human",\n    "captainSurface": "none",\n    "testing": null,\n    "captain": null,\n    "path": [\n      "building",\n      "review",\n      "captain-review",\n      "merge"\n    ]\n  }\n]'
+++ jq -r '.[0].id'
+++ printf %s $'[\n  {\n    "id": "c1",\n    "node": "n1",\n    "nodePath": "demo/thing",\n    "state": "queued",\n    "review": "human",\n    "captainSurface": "none",\n    "testing": null,\n    "captain": null,\n    "path": [\n      "building",\n      "review",\n      "captain-review",\n      "merge"\n    ]\n  }\n]'
+++ printf %s $'[\n  {\n    "id": "c1",\n    "node": "n1",\n    "nodePath": "demo/thing",\n    "state": "queued",\n    "review": "human",\n    "captainSurface": "none",\n    "testing": null,\n    "captain": null,\n    "path": [\n      "building",\n      "review",\n      "captain-review",\n      "merge"\n    ]\n  }\n]'
+++ jq -r '.[0].node'
++ set -- c1 n1
++ atlas_in mock /tmp/fm-atlas-gate.UG464v/mock-complete-word/specs --by fm-spawn ticket start c1 --to fm-task-a1 --task task-a1
++ printf '%s %s\n' c1 n1
+ seeded='c1 n1'
+ TICKET=c1
+ printf '%s\n' /tmp/fm-atlas-gate.UG464v/mock-complete-word/specs
+ fm_write_meta /tmp/fm-atlas-gate.UG464v/mock-complete-word/state/task-a1.meta window=firstmate:fm-task-a1 worktree=/tmp/fm-atlas-gate.UG464v/mock-complete-word/wt project=/tmp/fm-atlas-gate.UG464v/mock-complete-word/project kind=ship mode=no-mistakes atlas_ticket=c1
+ local file=/tmp/fm-atlas-gate.UG464v/mock-complete-word/state/task-a1.meta kv
+ shift
+ :
+ for kv in "$@"
+ printf '%s\n' window=firstmate:fm-task-a1
+ for kv in "$@"
+ printf '%s\n' worktree=/tmp/fm-atlas-gate.UG464v/mock-complete-word/wt
+ for kv in "$@"
+ printf '%s\n' project=/tmp/fm-atlas-gate.UG464v/mock-complete-word/project
+ for kv in "$@"
+ printf '%s\n' kind=ship
+ for kv in "$@"
+ printf '%s\n' mode=no-mistakes
+ for kv in "$@"
+ printf '%s\n' atlas_ticket=c1
+ in_home mock /home/ben/.no-mistakes/worktrees/3665d600861c/01M35Z81603SF5MCV2X9D1FSC2/bin/fm-atlas-hook.sh complete task-a1 --actor fm-pr-merge --restage merge --captain-word 'yes, merge it' --evidence https://example.invalid/pr/3 --summary merged
++ ticket_field mock /tmp/fm-atlas-gate.UG464v/mock-complete-word/specs c1 .captain.verdict
++ atlas_in mock /tmp/fm-atlas-gate.UG464v/mock-complete-word/specs ticket show c1 --json
++ local store=mock repo=/tmp/fm-atlas-gate.UG464v/mock-complete-word/specs
++ shift 2
++ HOME=/tmp/fm-atlas-gate.UG464v
++ jq -r '.change.captain.verdict // empty'
+++ store_bin mock
+++ case "$1" in
+++ printf '%s\n' /tmp/fm-atlas-gate.UG464v/store-mock
++ PATH=/tmp/fm-atlas-gate.UG464v/store-mock:/home/ben/.pi/agent/bin:/home/ben/.npm-global/bin:/home/ben/.local/bin:/home/ben/.npm-global/bin:/home/ben/.local/bin:/run/wrappers/bin:/home/ben/.nix-profile/bin:/nix/profile/bin:/home/ben/.local/state/nix/profile/bin:/etc/profiles/per-user/ben/bin:/nix/var/nix/profiles/default/bin:/run/current-system/sw/bin:/home/ben/go/bin:/home/ben/.cargo/bin:/home/ben/bin:/opt/homebrew/bin:/opt/homebrew/sbin:/usr/local/bin:/usr/local/sbin:/usr/bin:/bin:/usr/sbin:/sbin
++ atlas-axi --repo /tmp/fm-atlas-gate.UG464v/mock-complete-word/specs ticket show c1 --json
+ '[' approved = approved ']'
++ ticket_field mock /tmp/fm-atlas-gate.UG464v/mock-complete-word/specs c1 .captain.word
++ atlas_in mock /tmp/fm-atlas-gate.UG464v/mock-complete-word/specs ticket show c1 --json
++ local store=mock repo=/tmp/fm-atlas-gate.UG464v/mock-complete-word/specs
++ shift 2
++ HOME=/tmp/fm-atlas-gate.UG464v
+++ store_bin mock
+++ case "$1" in
+++ printf '%s\n' /tmp/fm-atlas-gate.UG464v/store-mock
++ PATH=/tmp/fm-atlas-gate.UG464v/store-mock:/home/ben/.pi/agent/bin:/home/ben/.npm-global/bin:/home/ben/.local/bin:/home/ben/.npm-global/bin:/home/ben/.local/bin:/run/wrappers/bin:/home/ben/.nix-profile/bin:/nix/profile/bin:/home/ben/.local/state/nix/profile/bin:/etc/profiles/per-user/ben/bin:/nix/var/nix/profiles/default/bin:/run/current-system/sw/bin:/home/ben/go/bin:/home/ben/.cargo/bin:/home/ben/bin:/opt/homebrew/bin:/opt/homebrew/sbin:/usr/local/bin:/usr/local/sbin:/usr/bin:/bin:/usr/sbin:/sbin
++ atlas-axi --repo /tmp/fm-atlas-gate.UG464v/mock-complete-word/specs ticket show c1 --json
++ jq -r '.change.captain.word // empty'
+ '[' 'yes, merge it' = 'yes, merge it' ']'
++ ticket_field mock /tmp/fm-atlas-gate.UG464v/mock-complete-word/specs c1 .captain.by
++ atlas_in mock /tmp/fm-atlas-gate.UG464v/mock-complete-word/specs ticket show c1 --json
++ local store=mock repo=/tmp/fm-atlas-gate.UG464v/mock-complete-word/specs
++ shift 2
++ HOME=/tmp/fm-atlas-gate.UG464v
++ jq -r '.change.captain.by // empty'
+++ store_bin mock
+++ case "$1" in
+++ printf '%s\n' /tmp/fm-atlas-gate.UG464v/store-mock
++ PATH=/tmp/fm-atlas-gate.UG464v/store-mock:/home/ben/.pi/agent/bin:/home/ben/.npm-global/bin:/home/ben/.local/bin:/home/ben/.npm-global/bin:/home/ben/.local/bin:/run/wrappers/bin:/home/ben/.nix-profile/bin:/nix/profile/bin:/home/ben/.local/state/nix/profile/bin:/etc/profiles/per-user/ben/bin:/nix/var/nix/profiles/default/bin:/run/current-system/sw/bin:/home/ben/go/bin:/home/ben/.cargo/bin:/home/ben/bin:/opt/homebrew/bin:/opt/homebrew/sbin:/usr/local/bin:/usr/local/sbin:/usr/bin:/bin:/usr/sbin:/sbin
++ atlas-axi --repo /tmp/fm-atlas-gate.UG464v/mock-complete-word/specs ticket show c1 --json
+ '[' fm-pr-merge = fm-pr-merge ']'
++ ticket_field mock /tmp/fm-atlas-gate.UG464v/mock-complete-word/specs c1 .state
++ atlas_in mock /tmp/fm-atlas-gate.UG464v/mock-complete-word/specs ticket show c1 --json
++ local store=mock repo=/tmp/fm-atlas-gate.UG464v/mock-complete-word/specs
++ shift 2
++ HOME=/tmp/fm-atlas-gate.UG464v
+++ store_bin mock
+++ case "$1" in
+++ printf '%s\n' /tmp/fm-atlas-gate.UG464v/store-mock
++ jq -r '.change.state // empty'
++ PATH=/tmp/fm-atlas-gate.UG464v/store-mock:/home/ben/.pi/agent/bin:/home/ben/.npm-global/bin:/home/ben/.local/bin:/home/ben/.npm-global/bin:/home/ben/.local/bin:/run/wrappers/bin:/home/ben/.nix-profile/bin:/nix/profile/bin:/home/ben/.local/state/nix/profile/bin:/etc/profiles/per-user/ben/bin:/nix/var/nix/profiles/default/bin:/run/current-system/sw/bin:/home/ben/go/bin:/home/ben/.cargo/bin:/home/ben/bin:/opt/homebrew/bin:/opt/homebrew/sbin:/usr/local/bin:/usr/local/sbin:/usr/bin:/bin:/usr/sbin:/sbin
++ atlas-axi --repo /tmp/fm-atlas-gate.UG464v/mock-complete-word/specs ticket show c1 --json
+ '[' completed = completed ']'
++ gate_lines /tmp/fm-atlas-gate.UG464v/mock-complete-word/state/task-a1.status
++ grep -F '[key=atlas-gate-c1]' /tmp/fm-atlas-gate.UG464v/mock-complete-word/state/task-a1.status
++ true
+ '[' -z '' ']'
+ pass 'mock: --captain-word records the captain'\''s exact words as the approval, then completes'
+ printf 'ok - %s\n' 'mock: --captain-word records the captain'\''s exact words as the approval, then completes'
ok - mock: --captain-word records the captain's exact words as the approval, then completes
+ test_complete_coalesces_failed_approval_warning mock
+ local store=mock out rc
+ '[' mock = mock ']'
+ make_home mock approval-failed human none
+ local store=mock name=approval-failed review=human surface=none seeded
+ shift 4
+ HOME_DIR=/tmp/fm-atlas-gate.UG464v/mock-approval-failed
+ REPO=/tmp/fm-atlas-gate.UG464v/mock-approval-failed/specs
+ mkdir -p /tmp/fm-atlas-gate.UG464v/mock-approval-failed/state /tmp/fm-atlas-gate.UG464v/mock-approval-failed/config /tmp/fm-atlas-gate.UG464v/mock-approval-failed/data /tmp/fm-atlas-gate.UG464v/mock-approval-failed/fakebin /tmp/fm-atlas-gate.UG464v/mock-approval-failed/specs
++ seed_store mock /tmp/fm-atlas-gate.UG464v/mock-approval-failed/specs human none
++ local store=mock repo=/tmp/fm-atlas-gate.UG464v/mock-approval-failed/specs review=human surface=none json
++ case "$store" in
++ mkdir -p /tmp/fm-atlas-gate.UG464v/mock-approval-failed/specs/atlas/mock
++ printf '%s\n' '{"id":"n1","path_":"demo/thing","holder":null,"cond":"charted","stage":null}'
++ jq -n --arg r human --arg s none $'{id: "c1", node: "n1", nodePath: "demo/thing",\n        state: "queued", review: $r, captainSurface: $s, testing: null, captain: null,\n        path: ["building", "review", "captain-review", "merge"]}'
+++ atlas_in mock /tmp/fm-atlas-gate.UG464v/mock-approval-failed/specs ticket list demo/thing --json
+++ local store=mock repo=/tmp/fm-atlas-gate.UG464v/mock-approval-failed/specs
+++ shift 2
+++ HOME=/tmp/fm-atlas-gate.UG464v
++++ store_bin mock
++++ case "$1" in
++++ printf '%s\n' /tmp/fm-atlas-gate.UG464v/store-mock
+++ PATH=/tmp/fm-atlas-gate.UG464v/store-mock:/home/ben/.pi/agent/bin:/home/ben/.npm-global/bin:/home/ben/.local/bin:/home/ben/.npm-global/bin:/home/ben/.local/bin:/run/wrappers/bin:/home/ben/.nix-profile/bin:/nix/profile/bin:/home/ben/.local/state/nix/profile/bin:/etc/profiles/per-user/ben/bin:/nix/var/nix/profiles/default/bin:/run/current-system/sw/bin:/home/ben/go/bin:/home/ben/.cargo/bin:/home/ben/bin:/opt/homebrew/bin:/opt/homebrew/sbin:/usr/local/bin:/usr/local/sbin:/usr/bin:/bin:/usr/sbin:/sbin
+++ atlas-axi --repo /tmp/fm-atlas-gate.UG464v/mock-approval-failed/specs ticket list demo/thing --json
++ json=$'[\n  {\n    "id": "c1",\n    "node": "n1",\n    "nodePath": "demo/thing",\n    "state": "queued",\n    "review": "human",\n    "captainSurface": "none",\n    "testing": null,\n    "captain": null,\n    "path": [\n      "building",\n      "review",\n      "captain-review",\n      "merge"\n    ]\n  }\n]'
+++ printf %s $'[\n  {\n    "id": "c1",\n    "node": "n1",\n    "nodePath": "demo/thing",\n    "state": "queued",\n    "review": "human",\n    "captainSurface": "none",\n    "testing": null,\n    "captain": null,\n    "path": [\n      "building",\n      "review",\n      "captain-review",\n      "merge"\n    ]\n  }\n]'
+++ jq -r '.[0].id'
+++ jq -r '.[0].node'
+++ printf %s $'[\n  {\n    "id": "c1",\n    "node": "n1",\n    "nodePath": "demo/thing",\n    "state": "queued",\n    "review": "human",\n    "captainSurface": "none",\n    "testing": null,\n    "captain": null,\n    "path": [\n      "building",\n      "review",\n      "captain-review",\n      "merge"\n    ]\n  }\n]'
++ set -- c1 n1
++ atlas_in mock /tmp/fm-atlas-gate.UG464v/mock-approval-failed/specs --by fm-spawn ticket start c1 --to fm-task-a1 --task task-a1
++ printf '%s %s\n' c1 n1
+ seeded='c1 n1'
+ TICKET=c1
+ printf '%s\n' /tmp/fm-atlas-gate.UG464v/mock-approval-failed/specs
+ fm_write_meta /tmp/fm-atlas-gate.UG464v/mock-approval-failed/state/task-a1.meta window=firstmate:fm-task-a1 worktree=/tmp/fm-atlas-gate.UG464v/mock-approval-failed/wt project=/tmp/fm-atlas-gate.UG464v/mock-approval-failed/project kind=ship mode=no-mistakes atlas_ticket=c1
+ local file=/tmp/fm-atlas-gate.UG464v/mock-approval-failed/state/task-a1.meta kv
+ shift
+ :
+ for kv in "$@"
+ printf '%s\n' window=firstmate:fm-task-a1
+ for kv in "$@"
+ printf '%s\n' worktree=/tmp/fm-atlas-gate.UG464v/mock-approval-failed/wt
+ for kv in "$@"
+ printf '%s\n' project=/tmp/fm-atlas-gate.UG464v/mock-approval-failed/project
+ for kv in "$@"
+ printf '%s\n' kind=ship
+ for kv in "$@"
+ printf '%s\n' mode=no-mistakes
+ for kv in "$@"
+ printf '%s\n' atlas_ticket=c1
+ set +e
++ FM_MOCK_APPROVE_FAIL=1
++ in_home mock /home/ben/.no-mistakes/worktrees/3665d600861c/01M35Z81603SF5MCV2X9D1FSC2/bin/fm-atlas-hook.sh complete task-a1 --actor fm-pr-merge --captain-word 'merge it' --evidence https://example.invalid/pr/approval --summary merged
+ out=$'++ local store=mock\n++ shift\n++ HOME=/tmp/fm-atlas-gate.UG464v\n++ FM_ROOT_OVERRIDE=/home/ben/.no-mistakes/worktrees/3665d600861c/01M35Z81603SF5MCV2X9D1FSC2\n++ FM_HOME=/tmp/fm-atlas-gate.UG464v/mock-approval-failed\n++ FM_STATE_OVERRIDE=/tmp/fm-atlas-gate.UG464v/mock-approval-failed/state\n++ FM_DATA_OVERRIDE=/tmp/fm-atlas-gate.UG464v/mock-approval-failed/data\n++ FM_CONFIG_OVERRIDE=/tmp/fm-atlas-gate.UG464v/mock-approval-failed/config\n+++ store_bin mock\n+++ case "$1" in\n+++ printf \'%s\\n\' /tmp/fm-atlas-gate.UG464v/store-mock\n++ PATH=/tmp/fm-atlas-gate.UG464v/mock-approval-failed/fakebin:/tmp/fm-atlas-gate.UG464v/store-mock:/home/ben/.pi/agent/bin:/home/ben/.npm-global/bin:/home/ben/.local/bin:/home/ben/.npm-global/bin:/home/ben/.local/bin:/run/wrappers/bin:/home/ben/.nix-profile/bin:/nix/profile/bin:/home/ben/.local/state/nix/profile/bin:/etc/profiles/per-user/ben/bin:/nix/var/nix/profiles/default/bin:/run/current-system/sw/bin:/home/ben/go/bin:/home/ben/.cargo/bin:/home/ben/bin:/opt/homebrew/bin:/opt/homebrew/sbin:/usr/local/bin:/usr/local/sbin:/usr/bin:/bin:/usr/sbin:/sbin\n++ /home/ben/.no-mistakes/worktrees/3665d600861c/01M35Z81603SF5MCV2X9D1FSC2/bin/fm-atlas-hook.sh complete task-a1 --actor fm-pr-merge --captain-word \'merge it\' --evidence https://example.invalid/pr/approval --summary merged\natlas-hook: complete ticket c1 refused for task-a1 (the captain\'s approval is missing; captain approval failed: atlas-axi: captain approval service is unavailable); node n1 released; the status log says so'
+ rc=0
+ set -e
+ expect_code 0 0 'mock: a failed approval must preserve the hook'\''s best-effort exit'
+ local expected=0 actual=0 'label=mock: a failed approval must preserve the hook'\''s best-effort exit'
+ '[' 0 = 0 ']'
++ printf '%s\n' $'++ local store=mock\n++ shift\n++ HOME=/tmp/fm-atlas-gate.UG464v\n++ FM_ROOT_OVERRIDE=/home/ben/.no-mistakes/worktrees/3665d600861c/01M35Z81603SF5MCV2X9D1FSC2\n++ FM_HOME=/tmp/fm-atlas-gate.UG464v/mock-approval-failed\n++ FM_STATE_OVERRIDE=/tmp/fm-atlas-gate.UG464v/mock-approval-failed/state\n++ FM_DATA_OVERRIDE=/tmp/fm-atlas-gate.UG464v/mock-approval-failed/data\n++ FM_CONFIG_OVERRIDE=/tmp/fm-atlas-gate.UG464v/mock-approval-failed/config\n+++ store_bin mock\n+++ case "$1" in\n+++ printf \'%s\\n\' /tmp/fm-atlas-gate.UG464v/store-mock\n++ PATH=/tmp/fm-atlas-gate.UG464v/mock-approval-failed/fakebin:/tmp/fm-atlas-gate.UG464v/store-mock:/home/ben/.pi/agent/bin:/home/ben/.npm-global/bin:/home/ben/.local/bin:/home/ben/.npm-global/bin:/home/ben/.local/bin:/run/wrappers/bin:/home/ben/.nix-profile/bin:/nix/profile/bin:/home/ben/.local/state/nix/profile/bin:/etc/profiles/per-user/ben/bin:/nix/var/nix/profiles/default/bin:/run/current-system/sw/bin:/home/ben/go/bin:/home/ben/.cargo/bin:/home/ben/bin:/opt/homebrew/bin:/opt/homebrew/sbin:/usr/local/bin:/usr/local/sbin:/usr/bin:/bin:/usr/sbin:/sbin\n++ /home/ben/.no-mistakes/worktrees/3665d600861c/01M35Z81603SF5MCV2X9D1FSC2/bin/fm-atlas-hook.sh complete task-a1 --actor fm-pr-merge --captain-word \'merge it\' --evidence https://example.invalid/pr/approval --summary merged\natlas-hook: complete ticket c1 refused for task-a1 (the captain\'s approval is missing; captain approval failed: atlas-axi: captain approval service is unavailable); node n1 released; the status log says so'
++ grep -c '^atlas-hook:'
+ '[' 1 = 1 ']'
+ assert_contains $'++ local store=mock\n++ shift\n++ HOME=/tmp/fm-atlas-gate.UG464v\n++ FM_ROOT_OVERRIDE=/home/ben/.no-mistakes/worktrees/3665d600861c/01M35Z81603SF5MCV2X9D1FSC2\n++ FM_HOME=/tmp/fm-atlas-gate.UG464v/mock-approval-failed\n++ FM_STATE_OVERRIDE=/tmp/fm-atlas-gate.UG464v/mock-approval-failed/state\n++ FM_DATA_OVERRIDE=/tmp/fm-atlas-gate.UG464v/mock-approval-failed/data\n++ FM_CONFIG_OVERRIDE=/tmp/fm-atlas-gate.UG464v/mock-approval-failed/config\n+++ store_bin mock\n+++ case "$1" in\n+++ printf \'%s\\n\' /tmp/fm-atlas-gate.UG464v/store-mock\n++ PATH=/tmp/fm-atlas-gate.UG464v/mock-approval-failed/fakebin:/tmp/fm-atlas-gate.UG464v/store-mock:/home/ben/.pi/agent/bin:/home/ben/.npm-global/bin:/home/ben/.local/bin:/home/ben/.npm-global/bin:/home/ben/.local/bin:/run/wrappers/bin:/home/ben/.nix-profile/bin:/nix/profile/bin:/home/ben/.local/state/nix/profile/bin:/etc/profiles/per-user/ben/bin:/nix/var/nix/profiles/default/bin:/run/current-system/sw/bin:/home/ben/go/bin:/home/ben/.cargo/bin:/home/ben/bin:/opt/homebrew/bin:/opt/homebrew/sbin:/usr/local/bin:/usr/local/sbin:/usr/bin:/bin:/usr/sbin:/sbin\n++ /home/ben/.no-mistakes/worktrees/3665d600861c/01M35Z81603SF5MCV2X9D1FSC2/bin/fm-atlas-hook.sh complete task-a1 --actor fm-pr-merge --captain-word \'merge it\' --evidence https://example.invalid/pr/approval --summary merged\natlas-hook: complete ticket c1 refused for task-a1 (the captain\'s approval is missing; captain approval failed: atlas-axi: captain approval service is unavailable); node n1 released; the status log says so' 'captain approval failed' 'mock: the refusal warning did not retain the failed approval reason'
+ case "$1" in
+ :
+ assert_one_gate_line mock /tmp/fm-atlas-gate.UG464v/mock-approval-failed/state/task-a1.status 'captain'\''s approval' 'failed approval'
+ local lines count
++ gate_lines /tmp/fm-atlas-gate.UG464v/mock-approval-failed/state/task-a1.status
++ grep -F '[key=atlas-gate-c1]' /tmp/fm-atlas-gate.UG464v/mock-approval-failed/state/task-a1.status
+ lines='blocked [key=atlas-gate-c1]: the Atlas refused to complete ticket c1 for task task-a1: the captain'\''s approval is missing; captain approval failed: atlas-axi: captain approval service is unavailable; node n1 released'
++ printf %s 'blocked [key=atlas-gate-c1]: the Atlas refused to complete ticket c1 for task task-a1: the captain'\''s approval is missing; captain approval failed: atlas-axi: captain approval service is unavailable; node n1 released'
++ grep -c .
+ count=1
+ '[' 1 = 1 ']'
+ case "$lines" in
+ assert_contains 'blocked [key=atlas-gate-c1]: the Atlas refused to complete ticket c1 for task task-a1: the captain'\''s approval is missing; captain approval failed: atlas-axi: captain approval service is unavailable; node n1 released' c1 'mock: failed approval: the gate line does not name the ticket'
+ case "$1" in
+ :
+ assert_contains 'blocked [key=atlas-gate-c1]: the Atlas refused to complete ticket c1 for task task-a1: the captain'\''s approval is missing; captain approval failed: atlas-axi: captain approval service is unavailable; node n1 released' 'captain'\''s approval' 'mock: failed approval: the gate line does not name the missing gate'
+ case "$1" in
+ :
++ node_field mock /tmp/fm-atlas-gate.UG464v/mock-approval-failed/specs .holder
++ atlas_in mock /tmp/fm-atlas-gate.UG464v/mock-approval-failed/specs show demo/thing --json
++ local store=mock repo=/tmp/fm-atlas-gate.UG464v/mock-approval-failed/specs
++ shift 2
++ HOME=/tmp/fm-atlas-gate.UG464v
+++ store_bin mock
+++ case "$1" in
+++ printf '%s\n' /tmp/fm-atlas-gate.UG464v/store-mock
++ jq -r '.holder // empty'
++ PATH=/tmp/fm-atlas-gate.UG464v/store-mock:/home/ben/.pi/agent/bin:/home/ben/.npm-global/bin:/home/ben/.local/bin:/home/ben/.npm-global/bin:/home/ben/.local/bin:/run/wrappers/bin:/home/ben/.nix-profile/bin:/nix/profile/bin:/home/ben/.local/state/nix/profile/bin:/etc/profiles/per-user/ben/bin:/nix/var/nix/profiles/default/bin:/run/current-system/sw/bin:/home/ben/go/bin:/home/ben/.cargo/bin:/home/ben/bin:/opt/homebrew/bin:/opt/homebrew/sbin:/usr/local/bin:/usr/local/sbin:/usr/bin:/bin:/usr/sbin:/sbin
++ atlas-axi --repo /tmp/fm-atlas-gate.UG464v/mock-approval-failed/specs show demo/thing --json
+ '[' -z '' ']'
+ pass 'mock: a failed approval is coalesced into one close-out warning'
+ printf 'ok - %s\n' 'mock: a failed approval is coalesced into one close-out warning'
ok - mock: a failed approval is coalesced into one close-out warning
+ test_land_refused mock
+ local store=mock
+ make_home mock land-refused human none
+ local store=mock name=land-refused review=human surface=none seeded
+ shift 4
+ HOME_DIR=/tmp/fm-atlas-gate.UG464v/mock-land-refused
+ REPO=/tmp/fm-atlas-gate.UG464v/mock-land-refused/specs
+ mkdir -p /tmp/fm-atlas-gate.UG464v/mock-land-refused/state /tmp/fm-atlas-gate.UG464v/mock-land-refused/config /tmp/fm-atlas-gate.UG464v/mock-land-refused/data /tmp/fm-atlas-gate.UG464v/mock-land-refused/fakebin /tmp/fm-atlas-gate.UG464v/mock-land-refused/specs
++ seed_store mock /tmp/fm-atlas-gate.UG464v/mock-land-refused/specs human none
++ local store=mock repo=/tmp/fm-atlas-gate.UG464v/mock-land-refused/specs review=human surface=none json
++ case "$store" in
++ mkdir -p /tmp/fm-atlas-gate.UG464v/mock-land-refused/specs/atlas/mock
++ printf '%s\n' '{"id":"n1","path_":"demo/thing","holder":null,"cond":"charted","stage":null}'
++ jq -n --arg r human --arg s none $'{id: "c1", node: "n1", nodePath: "demo/thing",\n        state: "queued", review: $r, captainSurface: $s, testing: null, captain: null,\n        path: ["building", "review", "captain-review", "merge"]}'
+++ atlas_in mock /tmp/fm-atlas-gate.UG464v/mock-land-refused/specs ticket list demo/thing --json
+++ local store=mock repo=/tmp/fm-atlas-gate.UG464v/mock-land-refused/specs
+++ shift 2
+++ HOME=/tmp/fm-atlas-gate.UG464v
++++ store_bin mock
++++ case "$1" in
++++ printf '%s\n' /tmp/fm-atlas-gate.UG464v/store-mock
+++ PATH=/tmp/fm-atlas-gate.UG464v/store-mock:/home/ben/.pi/agent/bin:/home/ben/.npm-global/bin:/home/ben/.local/bin:/home/ben/.npm-global/bin:/home/ben/.local/bin:/run/wrappers/bin:/home/ben/.nix-profile/bin:/nix/profile/bin:/home/ben/.local/state/nix/profile/bin:/etc/profiles/per-user/ben/bin:/nix/var/nix/profiles/default/bin:/run/current-system/sw/bin:/home/ben/go/bin:/home/ben/.cargo/bin:/home/ben/bin:/opt/homebrew/bin:/opt/homebrew/sbin:/usr/local/bin:/usr/local/sbin:/usr/bin:/bin:/usr/sbin:/sbin
+++ atlas-axi --repo /tmp/fm-atlas-gate.UG464v/mock-land-refused/specs ticket list demo/thing --json
++ json=$'[\n  {\n    "id": "c1",\n    "node": "n1",\n    "nodePath": "demo/thing",\n    "state": "queued",\n    "review": "human",\n    "captainSurface": "none",\n    "testing": null,\n    "captain": null,\n    "path": [\n      "building",\n      "review",\n      "captain-review",\n      "merge"\n    ]\n  }\n]'
+++ jq -r '.[0].id'
+++ printf %s $'[\n  {\n    "id": "c1",\n    "node": "n1",\n    "nodePath": "demo/thing",\n    "state": "queued",\n    "review": "human",\n    "captainSurface": "none",\n    "testing": null,\n    "captain": null,\n    "path": [\n      "building",\n      "review",\n      "captain-review",\n      "merge"\n    ]\n  }\n]'
+++ printf %s $'[\n  {\n    "id": "c1",\n    "node": "n1",\n    "nodePath": "demo/thing",\n    "state": "queued",\n    "review": "human",\n    "captainSurface": "none",\n    "testing": null,\n    "captain": null,\n    "path": [\n      "building",\n      "review",\n      "captain-review",\n      "merge"\n    ]\n  }\n]'
+++ jq -r '.[0].node'
++ set -- c1 n1
++ atlas_in mock /tmp/fm-atlas-gate.UG464v/mock-land-refused/specs --by fm-spawn ticket start c1 --to fm-task-a1 --task task-a1
++ printf '%s %s\n' c1 n1
+ seeded='c1 n1'
+ TICKET=c1
+ printf '%s\n' /tmp/fm-atlas-gate.UG464v/mock-land-refused/specs
+ fm_write_meta /tmp/fm-atlas-gate.UG464v/mock-land-refused/state/task-a1.meta window=firstmate:fm-task-a1 worktree=/tmp/fm-atlas-gate.UG464v/mock-land-refused/wt project=/tmp/fm-atlas-gate.UG464v/mock-land-refused/project kind=ship mode=no-mistakes atlas_ticket=c1
+ local file=/tmp/fm-atlas-gate.UG464v/mock-land-refused/state/task-a1.meta kv
+ shift
+ :
+ for kv in "$@"
+ printf '%s\n' window=firstmate:fm-task-a1
+ for kv in "$@"
+ printf '%s\n' worktree=/tmp/fm-atlas-gate.UG464v/mock-land-refused/wt
+ for kv in "$@"
+ printf '%s\n' project=/tmp/fm-atlas-gate.UG464v/mock-land-refused/project
+ for kv in "$@"
+ printf '%s\n' kind=ship
+ for kv in "$@"
+ printf '%s\n' mode=no-mistakes
+ for kv in "$@"
+ printf '%s\n' atlas_ticket=c1
+ in_home mock /home/ben/.no-mistakes/worktrees/3665d600861c/01M35Z81603SF5MCV2X9D1FSC2/bin/fm-atlas-hook.sh land task-a1 --actor fm-teardown --evidence 'task task-a1 landed' --summary landed
+ assert_one_gate_line mock /tmp/fm-atlas-gate.UG464v/mock-land-refused/state/task-a1.status 'captain'\''s approval' 'refused land'
+ local lines count
++ gate_lines /tmp/fm-atlas-gate.UG464v/mock-land-refused/state/task-a1.status
++ grep -F '[key=atlas-gate-c1]' /tmp/fm-atlas-gate.UG464v/mock-land-refused/state/task-a1.status
+ lines='blocked [key=atlas-gate-c1]: the Atlas refused to complete ticket c1 for task task-a1: the captain'\''s approval is missing; node n1 released'
++ printf %s 'blocked [key=atlas-gate-c1]: the Atlas refused to complete ticket c1 for task task-a1: the captain'\''s approval is missing; node n1 released'
++ grep -c .
+ count=1
+ '[' 1 = 1 ']'
+ case "$lines" in
+ assert_contains 'blocked [key=atlas-gate-c1]: the Atlas refused to complete ticket c1 for task task-a1: the captain'\''s approval is missing; node n1 released' c1 'mock: refused land: the gate line does not name the ticket'
+ case "$1" in
+ :
+ assert_contains 'blocked [key=atlas-gate-c1]: the Atlas refused to complete ticket c1 for task task-a1: the captain'\''s approval is missing; node n1 released' 'captain'\''s approval' 'mock: refused land: the gate line does not name the missing gate'
+ case "$1" in
+ :
++ node_field mock /tmp/fm-atlas-gate.UG464v/mock-land-refused/specs .holder
++ atlas_in mock /tmp/fm-atlas-gate.UG464v/mock-land-refused/specs show demo/thing --json
++ local store=mock repo=/tmp/fm-atlas-gate.UG464v/mock-land-refused/specs
++ shift 2
++ HOME=/tmp/fm-atlas-gate.UG464v
++ jq -r '.holder // empty'
+++ store_bin mock
+++ case "$1" in
+++ printf '%s\n' /tmp/fm-atlas-gate.UG464v/store-mock
++ PATH=/tmp/fm-atlas-gate.UG464v/store-mock:/home/ben/.pi/agent/bin:/home/ben/.npm-global/bin:/home/ben/.local/bin:/home/ben/.npm-global/bin:/home/ben/.local/bin:/run/wrappers/bin:/home/ben/.nix-profile/bin:/nix/profile/bin:/home/ben/.local/state/nix/profile/bin:/etc/profiles/per-user/ben/bin:/nix/var/nix/profiles/default/bin:/run/current-system/sw/bin:/home/ben/go/bin:/home/ben/.cargo/bin:/home/ben/bin:/opt/homebrew/bin:/opt/homebrew/sbin:/usr/local/bin:/usr/local/sbin:/usr/bin:/bin:/usr/sbin:/sbin
++ atlas-axi --repo /tmp/fm-atlas-gate.UG464v/mock-land-refused/specs show demo/thing --json
+ '[' -z '' ']'
++ node_field mock /tmp/fm-atlas-gate.UG464v/mock-land-refused/specs .cond
++ atlas_in mock /tmp/fm-atlas-gate.UG464v/mock-land-refused/specs show demo/thing --json
++ local store=mock repo=/tmp/fm-atlas-gate.UG464v/mock-land-refused/specs
++ shift 2
++ HOME=/tmp/fm-atlas-gate.UG464v
++ jq -r '.cond // empty'
+++ store_bin mock
+++ case "$1" in
+++ printf '%s\n' /tmp/fm-atlas-gate.UG464v/store-mock
++ PATH=/tmp/fm-atlas-gate.UG464v/store-mock:/home/ben/.pi/agent/bin:/home/ben/.npm-global/bin:/home/ben/.local/bin:/home/ben/.npm-global/bin:/home/ben/.local/bin:/run/wrappers/bin:/home/ben/.nix-profile/bin:/nix/profile/bin:/home/ben/.local/state/nix/profile/bin:/etc/profiles/per-user/ben/bin:/nix/var/nix/profiles/default/bin:/run/current-system/sw/bin:/home/ben/go/bin:/home/ben/.cargo/bin:/home/ben/bin:/opt/homebrew/bin:/opt/homebrew/sbin:/usr/local/bin:/usr/local/sbin:/usr/bin:/bin:/usr/sbin:/sbin
++ atlas-axi --repo /tmp/fm-atlas-gate.UG464v/mock-land-refused/specs show demo/thing --json
+ '[' underway '!=' landed ']'
+ pass 'mock: a refused land releases the node, never lands it, and leaves one keyed status line'
+ printf 'ok - %s\n' 'mock: a refused land releases the node, never lands it, and leaves one keyed status line'
ok - mock: a refused land releases the node, never lands it, and leaves one keyed status line
+ test_complete_rejects_defer_status mock
+ local store=mock out rc log_before log_after
+ make_home mock complete-defer human none
+ local store=mock name=complete-defer review=human surface=none seeded
+ shift 4
+ HOME_DIR=/tmp/fm-atlas-gate.UG464v/mock-complete-defer
+ REPO=/tmp/fm-atlas-gate.UG464v/mock-complete-defer/specs
+ mkdir -p /tmp/fm-atlas-gate.UG464v/mock-complete-defer/state /tmp/fm-atlas-gate.UG464v/mock-complete-defer/config /tmp/fm-atlas-gate.UG464v/mock-complete-defer/data /tmp/fm-atlas-gate.UG464v/mock-complete-defer/fakebin /tmp/fm-atlas-gate.UG464v/mock-complete-defer/specs
++ seed_store mock /tmp/fm-atlas-gate.UG464v/mock-complete-defer/specs human none
++ local store=mock repo=/tmp/fm-atlas-gate.UG464v/mock-complete-defer/specs review=human surface=none json
++ case "$store" in
++ mkdir -p /tmp/fm-atlas-gate.UG464v/mock-complete-defer/specs/atlas/mock
++ printf '%s\n' '{"id":"n1","path_":"demo/thing","holder":null,"cond":"charted","stage":null}'
++ jq -n --arg r human --arg s none $'{id: "c1", node: "n1", nodePath: "demo/thing",\n        state: "queued", review: $r, captainSurface: $s, testing: null, captain: null,\n        path: ["building", "review", "captain-review", "merge"]}'
+++ atlas_in mock /tmp/fm-atlas-gate.UG464v/mock-complete-defer/specs ticket list demo/thing --json
+++ local store=mock repo=/tmp/fm-atlas-gate.UG464v/mock-complete-defer/specs
+++ shift 2
+++ HOME=/tmp/fm-atlas-gate.UG464v
++++ store_bin mock
++++ case "$1" in
++++ printf '%s\n' /tmp/fm-atlas-gate.UG464v/store-mock
+++ PATH=/tmp/fm-atlas-gate.UG464v/store-mock:/home/ben/.pi/agent/bin:/home/ben/.npm-global/bin:/home/ben/.local/bin:/home/ben/.npm-global/bin:/home/ben/.local/bin:/run/wrappers/bin:/home/ben/.nix-profile/bin:/nix/profile/bin:/home/ben/.local/state/nix/profile/bin:/etc/profiles/per-user/ben/bin:/nix/var/nix/profiles/default/bin:/run/current-system/sw/bin:/home/ben/go/bin:/home/ben/.cargo/bin:/home/ben/bin:/opt/homebrew/bin:/opt/homebrew/sbin:/usr/local/bin:/usr/local/sbin:/usr/bin:/bin:/usr/sbin:/sbin
+++ atlas-axi --repo /tmp/fm-atlas-gate.UG464v/mock-complete-defer/specs ticket list demo/thing --json
++ json=$'[\n  {\n    "id": "c1",\n    "node": "n1",\n    "nodePath": "demo/thing",\n    "state": "queued",\n    "review": "human",\n    "captainSurface": "none",\n    "testing": null,\n    "captain": null,\n    "path": [\n      "building",\n      "review",\n      "captain-review",\n      "merge"\n    ]\n  }\n]'
+++ printf %s $'[\n  {\n    "id": "c1",\n    "node": "n1",\n    "nodePath": "demo/thing",\n    "state": "queued",\n    "review": "human",\n    "captainSurface": "none",\n    "testing": null,\n    "captain": null,\n    "path": [\n      "building",\n      "review",\n      "captain-review",\n      "merge"\n    ]\n  }\n]'
+++ jq -r '.[0].id'
+++ printf %s $'[\n  {\n    "id": "c1",\n    "node": "n1",\n    "nodePath": "demo/thing",\n    "state": "queued",\n    "review": "human",\n    "captainSurface": "none",\n    "testing": null,\n    "captain": null,\n    "path": [\n      "building",\n      "review",\n      "captain-review",\n      "merge"\n    ]\n  }\n]'
+++ jq -r '.[0].node'
++ set -- c1 n1
++ atlas_in mock /tmp/fm-atlas-gate.UG464v/mock-complete-defer/specs --by fm-spawn ticket start c1 --to fm-task-a1 --task task-a1
++ printf '%s %s\n' c1 n1
+ seeded='c1 n1'
+ TICKET=c1
+ printf '%s\n' /tmp/fm-atlas-gate.UG464v/mock-complete-defer/specs
+ fm_write_meta /tmp/fm-atlas-gate.UG464v/mock-complete-defer/state/task-a1.meta window=firstmate:fm-task-a1 worktree=/tmp/fm-atlas-gate.UG464v/mock-complete-defer/wt project=/tmp/fm-atlas-gate.UG464v/mock-complete-defer/project kind=ship mode=no-mistakes atlas_ticket=c1
+ local file=/tmp/fm-atlas-gate.UG464v/mock-complete-defer/state/task-a1.meta kv
+ shift
+ :
+ for kv in "$@"
+ printf '%s\n' window=firstmate:fm-task-a1
+ for kv in "$@"
+ printf '%s\n' worktree=/tmp/fm-atlas-gate.UG464v/mock-complete-defer/wt
+ for kv in "$@"
+ printf '%s\n' project=/tmp/fm-atlas-gate.UG464v/mock-complete-defer/project
+ for kv in "$@"
+ printf '%s\n' kind=ship
+ for kv in "$@"
+ printf '%s\n' mode=no-mistakes
+ for kv in "$@"
+ printf '%s\n' atlas_ticket=c1
+ case "$store" in
++ wc -l
+ log_before=2
+ set +e
++ in_home mock /home/ben/.no-mistakes/worktrees/3665d600861c/01M35Z81603SF5MCV2X9D1FSC2/bin/fm-atlas-hook.sh complete task-a1 --actor fm-pr-merge --defer-status --evidence https://example.invalid/pr/defer --summary merged
+ out=$'++ local store=mock\n++ shift\n++ HOME=/tmp/fm-atlas-gate.UG464v\n++ FM_ROOT_OVERRIDE=/home/ben/.no-mistakes/worktrees/3665d600861c/01M35Z81603SF5MCV2X9D1FSC2\n++ FM_HOME=/tmp/fm-atlas-gate.UG464v/mock-complete-defer\n++ FM_STATE_OVERRIDE=/tmp/fm-atlas-gate.UG464v/mock-complete-defer/state\n++ FM_DATA_OVERRIDE=/tmp/fm-atlas-gate.UG464v/mock-complete-defer/data\n++ FM_CONFIG_OVERRIDE=/tmp/fm-atlas-gate.UG464v/mock-complete-defer/config\n+++ store_bin mock\n+++ case "$1" in\n+++ printf \'%s\\n\' /tmp/fm-atlas-gate.UG464v/store-mock\n++ PATH=/tmp/fm-atlas-gate.UG464v/mock-complete-defer/fakebin:/tmp/fm-atlas-gate.UG464v/store-mock:/home/ben/.pi/agent/bin:/home/ben/.npm-global/bin:/home/ben/.local/bin:/home/ben/.npm-global/bin:/home/ben/.local/bin:/run/wrappers/bin:/home/ben/.nix-profile/bin:/nix/profile/bin:/home/ben/.local/state/nix/profile/bin:/etc/profiles/per-user/ben/bin:/nix/var/nix/profiles/default/bin:/run/current-system/sw/bin:/home/ben/go/bin:/home/ben/.cargo/bin:/home/ben/bin:/opt/homebrew/bin:/opt/homebrew/sbin:/usr/local/bin:/usr/local/sbin:/usr/bin:/bin:/usr/sbin:/sbin\n++ /home/ben/.no-mistakes/worktrees/3665d600861c/01M35Z81603SF5MCV2X9D1FSC2/bin/fm-atlas-hook.sh complete task-a1 --actor fm-pr-merge --defer-status --evidence https://example.invalid/pr/defer --summary merged\natlas-hook: complete called with --defer-status, which only land supports; the map was not updated'
+ rc=0
+ set -e
+ expect_code 0 0 'mock: an unsupported --defer-status must preserve the best-effort exit'
+ local expected=0 actual=0 'label=mock: an unsupported --defer-status must preserve the best-effort exit'
+ '[' 0 = 0 ']'
++ printf '%s\n' $'++ local store=mock\n++ shift\n++ HOME=/tmp/fm-atlas-gate.UG464v\n++ FM_ROOT_OVERRIDE=/home/ben/.no-mistakes/worktrees/3665d600861c/01M35Z81603SF5MCV2X9D1FSC2\n++ FM_HOME=/tmp/fm-atlas-gate.UG464v/mock-complete-defer\n++ FM_STATE_OVERRIDE=/tmp/fm-atlas-gate.UG464v/mock-complete-defer/state\n++ FM_DATA_OVERRIDE=/tmp/fm-atlas-gate.UG464v/mock-complete-defer/data\n++ FM_CONFIG_OVERRIDE=/tmp/fm-atlas-gate.UG464v/mock-complete-defer/config\n+++ store_bin mock\n+++ case "$1" in\n+++ printf \'%s\\n\' /tmp/fm-atlas-gate.UG464v/store-mock\n++ PATH=/tmp/fm-atlas-gate.UG464v/mock-complete-defer/fakebin:/tmp/fm-atlas-gate.UG464v/store-mock:/home/ben/.pi/agent/bin:/home/ben/.npm-global/bin:/home/ben/.local/bin:/home/ben/.npm-global/bin:/home/ben/.local/bin:/run/wrappers/bin:/home/ben/.nix-profile/bin:/nix/profile/bin:/home/ben/.local/state/nix/profile/bin:/etc/profiles/per-user/ben/bin:/nix/var/nix/profiles/default/bin:/run/current-system/sw/bin:/home/ben/go/bin:/home/ben/.cargo/bin:/home/ben/bin:/opt/homebrew/bin:/opt/homebrew/sbin:/usr/local/bin:/usr/local/sbin:/usr/bin:/bin:/usr/sbin:/sbin\n++ /home/ben/.no-mistakes/worktrees/3665d600861c/01M35Z81603SF5MCV2X9D1FSC2/bin/fm-atlas-hook.sh complete task-a1 --actor fm-pr-merge --defer-status --evidence https://example.invalid/pr/defer --summary merged\natlas-hook: complete called with --defer-status, which only land supports; the map was not updated'
++ grep -c '^atlas-hook:'
+ '[' 1 = 1 ']'
+ assert_absent /tmp/fm-atlas-gate.UG464v/mock-complete-defer/state/task-a1.status 'mock: an unsupported --defer-status wrote a status line'
+ '[' '!' -e /tmp/fm-atlas-gate.UG464v/mock-complete-defer/state/task-a1.status ']'
+ case "$store" in
++ wc -l
+ log_after=2
+ '[' 2 = 2 ']'
++ node_field mock /tmp/fm-atlas-gate.UG464v/mock-complete-defer/specs .holder
++ atlas_in mock /tmp/fm-atlas-gate.UG464v/mock-complete-defer/specs show demo/thing --json
++ local store=mock repo=/tmp/fm-atlas-gate.UG464v/mock-complete-defer/specs
++ shift 2
++ HOME=/tmp/fm-atlas-gate.UG464v
++ jq -r '.holder // empty'
+++ store_bin mock
+++ case "$1" in
+++ printf '%s\n' /tmp/fm-atlas-gate.UG464v/store-mock
++ PATH=/tmp/fm-atlas-gate.UG464v/store-mock:/home/ben/.pi/agent/bin:/home/ben/.npm-global/bin:/home/ben/.local/bin:/home/ben/.npm-global/bin:/home/ben/.local/bin:/run/wrappers/bin:/home/ben/.nix-profile/bin:/nix/profile/bin:/home/ben/.local/state/nix/profile/bin:/etc/profiles/per-user/ben/bin:/nix/var/nix/profiles/default/bin:/run/current-system/sw/bin:/home/ben/go/bin:/home/ben/.cargo/bin:/home/ben/bin:/opt/homebrew/bin:/opt/homebrew/sbin:/usr/local/bin:/usr/local/sbin:/usr/bin:/bin:/usr/sbin:/sbin
++ atlas-axi --repo /tmp/fm-atlas-gate.UG464v/mock-complete-defer/specs show demo/thing --json
+ '[' fm-task-a1 = fm-task-a1 ']'
+ pass 'mock: complete rejects --defer-status before any Atlas call'
+ printf 'ok - %s\n' 'mock: complete rejects --defer-status before any Atlas call'
ok - mock: complete rejects --defer-status before any Atlas call
+ test_land_defer_status mock
+ local store=mock out
+ make_home mock land-defer human none
+ local store=mock name=land-defer review=human surface=none seeded
+ shift 4
+ HOME_DIR=/tmp/fm-atlas-gate.UG464v/mock-land-defer
+ REPO=/tmp/fm-atlas-gate.UG464v/mock-land-defer/specs
+ mkdir -p /tmp/fm-atlas-gate.UG464v/mock-land-defer/state /tmp/fm-atlas-gate.UG464v/mock-land-defer/config /tmp/fm-atlas-gate.UG464v/mock-land-defer/data /tmp/fm-atlas-gate.UG464v/mock-land-defer/fakebin /tmp/fm-atlas-gate.UG464v/mock-land-defer/specs
++ seed_store mock /tmp/fm-atlas-gate.UG464v/mock-land-defer/specs human none
++ local store=mock repo=/tmp/fm-atlas-gate.UG464v/mock-land-defer/specs review=human surface=none json
++ case "$store" in
++ mkdir -p /tmp/fm-atlas-gate.UG464v/mock-land-defer/specs/atlas/mock
++ printf '%s\n' '{"id":"n1","path_":"demo/thing","holder":null,"cond":"charted","stage":null}'
++ jq -n --arg r human --arg s none $'{id: "c1", node: "n1", nodePath: "demo/thing",\n        state: "queued", review: $r, captainSurface: $s, testing: null, captain: null,\n        path: ["building", "review", "captain-review", "merge"]}'
+++ atlas_in mock /tmp/fm-atlas-gate.UG464v/mock-land-defer/specs ticket list demo/thing --json
+++ local store=mock repo=/tmp/fm-atlas-gate.UG464v/mock-land-defer/specs
+++ shift 2
+++ HOME=/tmp/fm-atlas-gate.UG464v
++++ store_bin mock
++++ case "$1" in
++++ printf '%s\n' /tmp/fm-atlas-gate.UG464v/store-mock
+++ PATH=/tmp/fm-atlas-gate.UG464v/store-mock:/home/ben/.pi/agent/bin:/home/ben/.npm-global/bin:/home/ben/.local/bin:/home/ben/.npm-global/bin:/home/ben/.local/bin:/run/wrappers/bin:/home/ben/.nix-profile/bin:/nix/profile/bin:/home/ben/.local/state/nix/profile/bin:/etc/profiles/per-user/ben/bin:/nix/var/nix/profiles/default/bin:/run/current-system/sw/bin:/home/ben/go/bin:/home/ben/.cargo/bin:/home/ben/bin:/opt/homebrew/bin:/opt/homebrew/sbin:/usr/local/bin:/usr/local/sbin:/usr/bin:/bin:/usr/sbin:/sbin
+++ atlas-axi --repo /tmp/fm-atlas-gate.UG464v/mock-land-defer/specs ticket list demo/thing --json
++ json=$'[\n  {\n    "id": "c1",\n    "node": "n1",\n    "nodePath": "demo/thing",\n    "state": "queued",\n    "review": "human",\n    "captainSurface": "none",\n    "testing": null,\n    "captain": null,\n    "path": [\n      "building",\n      "review",\n      "captain-review",\n      "merge"\n    ]\n  }\n]'
+++ printf %s $'[\n  {\n    "id": "c1",\n    "node": "n1",\n    "nodePath": "demo/thing",\n    "state": "queued",\n    "review": "human",\n    "captainSurface": "none",\n    "testing": null,\n    "captain": null,\n    "path": [\n      "building",\n      "review",\n      "captain-review",\n      "merge"\n    ]\n  }\n]'
+++ jq -r '.[0].id'
+++ printf %s $'[\n  {\n    "id": "c1",\n    "node": "n1",\n    "nodePath": "demo/thing",\n    "state": "queued",\n    "review": "human",\n    "captainSurface": "none",\n    "testing": null,\n    "captain": null,\n    "path": [\n      "building",\n      "review",\n      "captain-review",\n      "merge"\n    ]\n  }\n]'
+++ jq -r '.[0].node'
++ set -- c1 n1
++ atlas_in mock /tmp/fm-atlas-gate.UG464v/mock-land-defer/specs --by fm-spawn ticket start c1 --to fm-task-a1 --task task-a1
++ printf '%s %s\n' c1 n1
+ seeded='c1 n1'
+ TICKET=c1
+ printf '%s\n' /tmp/fm-atlas-gate.UG464v/mock-land-defer/specs
+ fm_write_meta /tmp/fm-atlas-gate.UG464v/mock-land-defer/state/task-a1.meta window=firstmate:fm-task-a1 worktree=/tmp/fm-atlas-gate.UG464v/mock-land-defer/wt project=/tmp/fm-atlas-gate.UG464v/mock-land-defer/project kind=ship mode=no-mistakes atlas_ticket=c1
+ local file=/tmp/fm-atlas-gate.UG464v/mock-land-defer/state/task-a1.meta kv
+ shift
+ :
+ for kv in "$@"
+ printf '%s\n' window=firstmate:fm-task-a1
+ for kv in "$@"
+ printf '%s\n' worktree=/tmp/fm-atlas-gate.UG464v/mock-land-defer/wt
+ for kv in "$@"
+ printf '%s\n' project=/tmp/fm-atlas-gate.UG464v/mock-land-defer/project
+ for kv in "$@"
+ printf '%s\n' kind=ship
+ for kv in "$@"
+ printf '%s\n' mode=no-mistakes
+ for kv in "$@"
+ printf '%s\n' atlas_ticket=c1
++ in_home mock /home/ben/.no-mistakes/worktrees/3665d600861c/01M35Z81603SF5MCV2X9D1FSC2/bin/fm-atlas-hook.sh land task-a1 --actor fm-teardown --defer-status --evidence 'task task-a1 landed' --summary landed
+ out='blocked [key=atlas-gate-c1]: the Atlas refused to complete ticket c1 for task task-a1: the captain'\''s approval is missing; node n1 released'
+ assert_absent /tmp/fm-atlas-gate.UG464v/mock-land-defer/state/task-a1.status 'mock: --defer-status must leave the status log to the caller'
+ '[' '!' -e /tmp/fm-atlas-gate.UG464v/mock-land-defer/state/task-a1.status ']'
+ case "$out" in
++ printf '%s\n' 'blocked [key=atlas-gate-c1]: the Atlas refused to complete ticket c1 for task task-a1: the captain'\''s approval is missing; node n1 released'
++ grep -c .
+ '[' 1 = 1 ']'
+ pass 'mock: --defer-status hands the gate line to the caller instead of writing it'
+ printf 'ok - %s\n' 'mock: --defer-status hands the gate line to the caller instead of writing it'
ok - mock: --defer-status hands the gate line to the caller instead of writing it
+ test_pr_merge_refused mock
+ local store=mock rc
+ make_home mock pr-refused human none yolo=on
+ local store=mock name=pr-refused review=human surface=none seeded
+ shift 4
+ HOME_DIR=/tmp/fm-atlas-gate.UG464v/mock-pr-refused
+ REPO=/tmp/fm-atlas-gate.UG464v/mock-pr-refused/specs
+ mkdir -p /tmp/fm-atlas-gate.UG464v/mock-pr-refused/state /tmp/fm-atlas-gate.UG464v/mock-pr-refused/config /tmp/fm-atlas-gate.UG464v/mock-pr-refused/data /tmp/fm-atlas-gate.UG464v/mock-pr-refused/fakebin /tmp/fm-atlas-gate.UG464v/mock-pr-refused/specs
++ seed_store mock /tmp/fm-atlas-gate.UG464v/mock-pr-refused/specs human none
++ local store=mock repo=/tmp/fm-atlas-gate.UG464v/mock-pr-refused/specs review=human surface=none json
++ case "$store" in
++ mkdir -p /tmp/fm-atlas-gate.UG464v/mock-pr-refused/specs/atlas/mock
++ printf '%s\n' '{"id":"n1","path_":"demo/thing","holder":null,"cond":"charted","stage":null}'
++ jq -n --arg r human --arg s none $'{id: "c1", node: "n1", nodePath: "demo/thing",\n        state: "queued", review: $r, captainSurface: $s, testing: null, captain: null,\n        path: ["building", "review", "captain-review", "merge"]}'
+++ atlas_in mock /tmp/fm-atlas-gate.UG464v/mock-pr-refused/specs ticket list demo/thing --json
+++ local store=mock repo=/tmp/fm-atlas-gate.UG464v/mock-pr-refused/specs
+++ shift 2
+++ HOME=/tmp/fm-atlas-gate.UG464v
++++ store_bin mock
++++ case "$1" in
++++ printf '%s\n' /tmp/fm-atlas-gate.UG464v/store-mock
+++ PATH=/tmp/fm-atlas-gate.UG464v/store-mock:/home/ben/.pi/agent/bin:/home/ben/.npm-global/bin:/home/ben/.local/bin:/home/ben/.npm-global/bin:/home/ben/.local/bin:/run/wrappers/bin:/home/ben/.nix-profile/bin:/nix/profile/bin:/home/ben/.local/state/nix/profile/bin:/etc/profiles/per-user/ben/bin:/nix/var/nix/profiles/default/bin:/run/current-system/sw/bin:/home/ben/go/bin:/home/ben/.cargo/bin:/home/ben/bin:/opt/homebrew/bin:/opt/homebrew/sbin:/usr/local/bin:/usr/local/sbin:/usr/bin:/bin:/usr/sbin:/sbin
+++ atlas-axi --repo /tmp/fm-atlas-gate.UG464v/mock-pr-refused/specs ticket list demo/thing --json
++ json=$'[\n  {\n    "id": "c1",\n    "node": "n1",\n    "nodePath": "demo/thing",\n    "state": "queued",\n    "review": "human",\n    "captainSurface": "none",\n    "testing": null,\n    "captain": null,\n    "path": [\n      "building",\n      "review",\n      "captain-review",\n      "merge"\n    ]\n  }\n]'
+++ printf %s $'[\n  {\n    "id": "c1",\n    "node": "n1",\n    "nodePath": "demo/thing",\n    "state": "queued",\n    "review": "human",\n    "captainSurface": "none",\n    "testing": null,\n    "captain": null,\n    "path": [\n      "building",\n      "review",\n      "captain-review",\n      "merge"\n    ]\n  }\n]'
+++ jq -r '.[0].id'
+++ printf %s $'[\n  {\n    "id": "c1",\n    "node": "n1",\n    "nodePath": "demo/thing",\n    "state": "queued",\n    "review": "human",\n    "captainSurface": "none",\n    "testing": null,\n    "captain": null,\n    "path": [\n      "building",\n      "review",\n      "captain-review",\n      "merge"\n    ]\n  }\n]'
+++ jq -r '.[0].node'
++ set -- c1 n1
++ atlas_in mock /tmp/fm-atlas-gate.UG464v/mock-pr-refused/specs --by fm-spawn ticket start c1 --to fm-task-a1 --task task-a1
++ printf '%s %s\n' c1 n1
+ seeded='c1 n1'
+ TICKET=c1
+ printf '%s\n' /tmp/fm-atlas-gate.UG464v/mock-pr-refused/specs
+ fm_write_meta /tmp/fm-atlas-gate.UG464v/mock-pr-refused/state/task-a1.meta window=firstmate:fm-task-a1 worktree=/tmp/fm-atlas-gate.UG464v/mock-pr-refused/wt project=/tmp/fm-atlas-gate.UG464v/mock-pr-refused/project kind=ship mode=no-mistakes atlas_ticket=c1 yolo=on
+ local file=/tmp/fm-atlas-gate.UG464v/mock-pr-refused/state/task-a1.meta kv
+ shift
+ :
+ for kv in "$@"
+ printf '%s\n' window=firstmate:fm-task-a1
+ for kv in "$@"
+ printf '%s\n' worktree=/tmp/fm-atlas-gate.UG464v/mock-pr-refused/wt
+ for kv in "$@"
+ printf '%s\n' project=/tmp/fm-atlas-gate.UG464v/mock-pr-refused/project
+ for kv in "$@"
+ printf '%s\n' kind=ship
+ for kv in "$@"
+ printf '%s\n' mode=no-mistakes
+ for kv in "$@"
+ printf '%s\n' atlas_ticket=c1
+ for kv in "$@"
+ printf '%s\n' yolo=on
+ make_fake_forge
+ cat
+ cat
+ chmod +x /tmp/fm-atlas-gate.UG464v/mock-pr-refused/fakebin/gh-axi /tmp/fm-atlas-gate.UG464v/mock-pr-refused/fakebin/gh
+ :
+ set +e
+ run_pr_merge mock
+ rc=0
+ set -e
+ expect_code 0 0 'mock: a refused Atlas close-out must not fail the merge'
+ local expected=0 actual=0 'label=mock: a refused Atlas close-out must not fail the merge'
+ '[' 0 = 0 ']'
+ grep -qxF 'pr merge 9 --repo example/repo --squash' /tmp/fm-atlas-gate.UG464v/mock-pr-refused/gh.log
+ assert_one_gate_line mock /tmp/fm-atlas-gate.UG464v/mock-pr-refused/state/task-a1.status 'captain'\''s approval' fm-pr-merge
+ local lines count
++ gate_lines /tmp/fm-atlas-gate.UG464v/mock-pr-refused/state/task-a1.status
++ grep -F '[key=atlas-gate-c1]' /tmp/fm-atlas-gate.UG464v/mock-pr-refused/state/task-a1.status
+ lines='blocked [key=atlas-gate-c1]: the Atlas refused to complete ticket c1 for task task-a1: the captain'\''s approval is missing; node n1 released'
++ printf %s 'blocked [key=atlas-gate-c1]: the Atlas refused to complete ticket c1 for task task-a1: the captain'\''s approval is missing; node n1 released'
++ grep -c .
+ count=1
+ '[' 1 = 1 ']'
+ case "$lines" in
+ assert_contains 'blocked [key=atlas-gate-c1]: the Atlas refused to complete ticket c1 for task task-a1: the captain'\''s approval is missing; node n1 released' c1 'mock: fm-pr-merge: the gate line does not name the ticket'
+ case "$1" in
+ :
+ assert_contains 'blocked [key=atlas-gate-c1]: the Atlas refused to complete ticket c1 for task task-a1: the captain'\''s approval is missing; node n1 released' 'captain'\''s approval' 'mock: fm-pr-merge: the gate line does not name the missing gate'
+ case "$1" in
+ :
++ node_field mock /tmp/fm-atlas-gate.UG464v/mock-pr-refused/specs .holder
++ jq -r '.holder // empty'
++ atlas_in mock /tmp/fm-atlas-gate.UG464v/mock-pr-refused/specs show demo/thing --json
++ local store=mock repo=/tmp/fm-atlas-gate.UG464v/mock-pr-refused/specs
++ shift 2
++ HOME=/tmp/fm-atlas-gate.UG464v
+++ store_bin mock
+++ case "$1" in
+++ printf '%s\n' /tmp/fm-atlas-gate.UG464v/store-mock
++ PATH=/tmp/fm-atlas-gate.UG464v/store-mock:/home/ben/.pi/agent/bin:/home/ben/.npm-global/bin:/home/ben/.local/bin:/home/ben/.npm-global/bin:/home/ben/.local/bin:/run/wrappers/bin:/home/ben/.nix-profile/bin:/nix/profile/bin:/home/ben/.local/state/nix/profile/bin:/etc/profiles/per-user/ben/bin:/nix/var/nix/profiles/default/bin:/run/current-system/sw/bin:/home/ben/go/bin:/home/ben/.cargo/bin:/home/ben/bin:/opt/homebrew/bin:/opt/homebrew/sbin:/usr/local/bin:/usr/local/sbin:/usr/bin:/bin:/usr/sbin:/sbin
++ atlas-axi --repo /tmp/fm-atlas-gate.UG464v/mock-pr-refused/specs show demo/thing --json
+ '[' -z '' ']'
+ pass 'mock: fm-pr-merge still merges when the gate refuses, releases the node, and wakes the supervisor'
+ printf 'ok - %s\n' 'mock: fm-pr-merge still merges when the gate refuses, releases the node, and wakes the supervisor'
ok - mock: fm-pr-merge still merges when the gate refuses, releases the node, and wakes the supervisor
+ test_pr_merge_with_captain_word mock
+ local store=mock rc
+ make_home mock pr-word human none yolo=off
+ local store=mock name=pr-word review=human surface=none seeded
+ shift 4
+ HOME_DIR=/tmp/fm-atlas-gate.UG464v/mock-pr-word
+ REPO=/tmp/fm-atlas-gate.UG464v/mock-pr-word/specs
+ mkdir -p /tmp/fm-atlas-gate.UG464v/mock-pr-word/state /tmp/fm-atlas-gate.UG464v/mock-pr-word/config /tmp/fm-atlas-gate.UG464v/mock-pr-word/data /tmp/fm-atlas-gate.UG464v/mock-pr-word/fakebin /tmp/fm-atlas-gate.UG464v/mock-pr-word/specs
++ seed_store mock /tmp/fm-atlas-gate.UG464v/mock-pr-word/specs human none
++ local store=mock repo=/tmp/fm-atlas-gate.UG464v/mock-pr-word/specs review=human surface=none json
++ case "$store" in
++ mkdir -p /tmp/fm-atlas-gate.UG464v/mock-pr-word/specs/atlas/mock
++ printf '%s\n' '{"id":"n1","path_":"demo/thing","holder":null,"cond":"charted","stage":null}'
++ jq -n --arg r human --arg s none $'{id: "c1", node: "n1", nodePath: "demo/thing",\n        state: "queued", review: $r, captainSurface: $s, testing: null, captain: null,\n        path: ["building", "review", "captain-review", "merge"]}'
+++ atlas_in mock /tmp/fm-atlas-gate.UG464v/mock-pr-word/specs ticket list demo/thing --json
+++ local store=mock repo=/tmp/fm-atlas-gate.UG464v/mock-pr-word/specs
+++ shift 2
+++ HOME=/tmp/fm-atlas-gate.UG464v
++++ store_bin mock
++++ case "$1" in
++++ printf '%s\n' /tmp/fm-atlas-gate.UG464v/store-mock
+++ PATH=/tmp/fm-atlas-gate.UG464v/store-mock:/home/ben/.pi/agent/bin:/home/ben/.npm-global/bin:/home/ben/.local/bin:/home/ben/.npm-global/bin:/home/ben/.local/bin:/run/wrappers/bin:/home/ben/.nix-profile/bin:/nix/profile/bin:/home/ben/.local/state/nix/profile/bin:/etc/profiles/per-user/ben/bin:/nix/var/nix/profiles/default/bin:/run/current-system/sw/bin:/home/ben/go/bin:/home/ben/.cargo/bin:/home/ben/bin:/opt/homebrew/bin:/opt/homebrew/sbin:/usr/local/bin:/usr/local/sbin:/usr/bin:/bin:/usr/sbin:/sbin
+++ atlas-axi --repo /tmp/fm-atlas-gate.UG464v/mock-pr-word/specs ticket list demo/thing --json
++ json=$'[\n  {\n    "id": "c1",\n    "node": "n1",\n    "nodePath": "demo/thing",\n    "state": "queued",\n    "review": "human",\n    "captainSurface": "none",\n    "testing": null,\n    "captain": null,\n    "path": [\n      "building",\n      "review",\n      "captain-review",\n      "merge"\n    ]\n  }\n]'
+++ printf %s $'[\n  {\n    "id": "c1",\n    "node": "n1",\n    "nodePath": "demo/thing",\n    "state": "queued",\n    "review": "human",\n    "captainSurface": "none",\n    "testing": null,\n    "captain": null,\n    "path": [\n      "building",\n      "review",\n      "captain-review",\n      "merge"\n    ]\n  }\n]'
+++ jq -r '.[0].id'
+++ printf %s $'[\n  {\n    "id": "c1",\n    "node": "n1",\n    "nodePath": "demo/thing",\n    "state": "queued",\n    "review": "human",\n    "captainSurface": "none",\n    "testing": null,\n    "captain": null,\n    "path": [\n      "building",\n      "review",\n      "captain-review",\n      "merge"\n    ]\n  }\n]'
+++ jq -r '.[0].node'
++ set -- c1 n1
++ atlas_in mock /tmp/fm-atlas-gate.UG464v/mock-pr-word/specs --by fm-spawn ticket start c1 --to fm-task-a1 --task task-a1
++ printf '%s %s\n' c1 n1
+ seeded='c1 n1'
+ TICKET=c1
+ printf '%s\n' /tmp/fm-atlas-gate.UG464v/mock-pr-word/specs
+ fm_write_meta /tmp/fm-atlas-gate.UG464v/mock-pr-word/state/task-a1.meta window=firstmate:fm-task-a1 worktree=/tmp/fm-atlas-gate.UG464v/mock-pr-word/wt project=/tmp/fm-atlas-gate.UG464v/mock-pr-word/project kind=ship mode=no-mistakes atlas_ticket=c1 yolo=off
+ local file=/tmp/fm-atlas-gate.UG464v/mock-pr-word/state/task-a1.meta kv
+ shift
+ :
+ for kv in "$@"
+ printf '%s\n' window=firstmate:fm-task-a1
+ for kv in "$@"
+ printf '%s\n' worktree=/tmp/fm-atlas-gate.UG464v/mock-pr-word/wt
+ for kv in "$@"
+ printf '%s\n' project=/tmp/fm-atlas-gate.UG464v/mock-pr-word/project
+ for kv in "$@"
+ printf '%s\n' kind=ship
+ for kv in "$@"
+ printf '%s\n' mode=no-mistakes
+ for kv in "$@"
+ printf '%s\n' atlas_ticket=c1
+ for kv in "$@"
+ printf '%s\n' yolo=off
+ make_fake_forge
+ cat
+ cat
+ chmod +x /tmp/fm-atlas-gate.UG464v/mock-pr-word/fakebin/gh-axi /tmp/fm-atlas-gate.UG464v/mock-pr-word/fakebin/gh
+ :
+ set +e
+ run_pr_merge mock --captain-authorized --captain-word 'merge it'
+ rc=0
+ set -e
+ expect_code 0 0 'mock: fm-pr-merge with the captain'\''s words must succeed'
+ local expected=0 actual=0 'label=mock: fm-pr-merge with the captain'\''s words must succeed'
+ '[' 0 = 0 ']'
+ grep -qxF 'pr merge 9 --repo example/repo --squash' /tmp/fm-atlas-gate.UG464v/mock-pr-word/gh.log
++ ticket_field mock /tmp/fm-atlas-gate.UG464v/mock-pr-word/specs c1 .captain.word
++ atlas_in mock /tmp/fm-atlas-gate.UG464v/mock-pr-word/specs ticket show c1 --json
++ jq -r '.change.captain.word // empty'
++ local store=mock repo=/tmp/fm-atlas-gate.UG464v/mock-pr-word/specs
++ shift 2
++ HOME=/tmp/fm-atlas-gate.UG464v
+++ store_bin mock
+++ case "$1" in
+++ printf '%s\n' /tmp/fm-atlas-gate.UG464v/store-mock
++ PATH=/tmp/fm-atlas-gate.UG464v/store-mock:/home/ben/.pi/agent/bin:/home/ben/.npm-global/bin:/home/ben/.local/bin:/home/ben/.npm-global/bin:/home/ben/.local/bin:/run/wrappers/bin:/home/ben/.nix-profile/bin:/nix/profile/bin:/home/ben/.local/state/nix/profile/bin:/etc/profiles/per-user/ben/bin:/nix/var/nix/profiles/default/bin:/run/current-system/sw/bin:/home/ben/go/bin:/home/ben/.cargo/bin:/home/ben/bin:/opt/homebrew/bin:/opt/homebrew/sbin:/usr/local/bin:/usr/local/sbin:/usr/bin:/bin:/usr/sbin:/sbin
++ atlas-axi --repo /tmp/fm-atlas-gate.UG464v/mock-pr-word/specs ticket show c1 --json
+ '[' 'merge it' = 'merge it' ']'
++ ticket_field mock /tmp/fm-atlas-gate.UG464v/mock-pr-word/specs c1 .state
++ atlas_in mock /tmp/fm-atlas-gate.UG464v/mock-pr-word/specs ticket show c1 --json
++ local store=mock repo=/tmp/fm-atlas-gate.UG464v/mock-pr-word/specs
++ shift 2
++ HOME=/tmp/fm-atlas-gate.UG464v
++ jq -r '.change.state // empty'
+++ store_bin mock
+++ case "$1" in
+++ printf '%s\n' /tmp/fm-atlas-gate.UG464v/store-mock
++ PATH=/tmp/fm-atlas-gate.UG464v/store-mock:/home/ben/.pi/agent/bin:/home/ben/.npm-global/bin:/home/ben/.local/bin:/home/ben/.npm-global/bin:/home/ben/.local/bin:/run/wrappers/bin:/home/ben/.nix-profile/bin:/nix/profile/bin:/home/ben/.local/state/nix/profile/bin:/etc/profiles/per-user/ben/bin:/nix/var/nix/profiles/default/bin:/run/current-system/sw/bin:/home/ben/go/bin:/home/ben/.cargo/bin:/home/ben/bin:/opt/homebrew/bin:/opt/homebrew/sbin:/usr/local/bin:/usr/local/sbin:/usr/bin:/bin:/usr/sbin:/sbin
++ atlas-axi --repo /tmp/fm-atlas-gate.UG464v/mock-pr-word/specs ticket show c1 --json
+ '[' completed = completed ']'
++ gate_lines /tmp/fm-atlas-gate.UG464v/mock-pr-word/state/task-a1.status
++ grep -F '[key=atlas-gate-c1]' /tmp/fm-atlas-gate.UG464v/mock-pr-word/state/task-a1.status
++ true
+ '[' -z '' ']'
+ pass 'mock: fm-pr-merge --captain-word approves and completes the ticket with no manual Atlas step'
+ printf 'ok - %s\n' 'mock: fm-pr-merge --captain-word approves and completes the ticket with no manual Atlas step'
ok - mock: fm-pr-merge --captain-word approves and completes the ticket with no manual Atlas step
+ test_pr_merge_rejects_forwarded_captain_word mock
+ local store=mock rc out form
+ make_home mock pr-forwarded-word human none yolo=on
+ local store=mock name=pr-forwarded-word review=human surface=none seeded
+ shift 4
+ HOME_DIR=/tmp/fm-atlas-gate.UG464v/mock-pr-forwarded-word
+ REPO=/tmp/fm-atlas-gate.UG464v/mock-pr-forwarded-word/specs
+ mkdir -p /tmp/fm-atlas-gate.UG464v/mock-pr-forwarded-word/state /tmp/fm-atlas-gate.UG464v/mock-pr-forwarded-word/config /tmp/fm-atlas-gate.UG464v/mock-pr-forwarded-word/data /tmp/fm-atlas-gate.UG464v/mock-pr-forwarded-word/fakebin /tmp/fm-atlas-gate.UG464v/mock-pr-forwarded-word/specs
++ seed_store mock /tmp/fm-atlas-gate.UG464v/mock-pr-forwarded-word/specs human none
++ local store=mock repo=/tmp/fm-atlas-gate.UG464v/mock-pr-forwarded-word/specs review=human surface=none json
++ case "$store" in
++ mkdir -p /tmp/fm-atlas-gate.UG464v/mock-pr-forwarded-word/specs/atlas/mock
++ printf '%s\n' '{"id":"n1","path_":"demo/thing","holder":null,"cond":"charted","stage":null}'
++ jq -n --arg r human --arg s none $'{id: "c1", node: "n1", nodePath: "demo/thing",\n        state: "queued", review: $r, captainSurface: $s, testing: null, captain: null,\n        path: ["building", "review", "captain-review", "merge"]}'
+++ atlas_in mock /tmp/fm-atlas-gate.UG464v/mock-pr-forwarded-word/specs ticket list demo/thing --json
+++ local store=mock repo=/tmp/fm-atlas-gate.UG464v/mock-pr-forwarded-word/specs
+++ shift 2
+++ HOME=/tmp/fm-atlas-gate.UG464v
++++ store_bin mock
++++ case "$1" in
++++ printf '%s\n' /tmp/fm-atlas-gate.UG464v/store-mock
+++ PATH=/tmp/fm-atlas-gate.UG464v/store-mock:/home/ben/.pi/agent/bin:/home/ben/.npm-global/bin:/home/ben/.local/bin:/home/ben/.npm-global/bin:/home/ben/.local/bin:/run/wrappers/bin:/home/ben/.nix-profile/bin:/nix/profile/bin:/home/ben/.local/state/nix/profile/bin:/etc/profiles/per-user/ben/bin:/nix/var/nix/profiles/default/bin:/run/current-system/sw/bin:/home/ben/go/bin:/home/ben/.cargo/bin:/home/ben/bin:/opt/homebrew/bin:/opt/homebrew/sbin:/usr/local/bin:/usr/local/sbin:/usr/bin:/bin:/usr/sbin:/sbin
+++ atlas-axi --repo /tmp/fm-atlas-gate.UG464v/mock-pr-forwarded-word/specs ticket list demo/thing --json
++ json=$'[\n  {\n    "id": "c1",\n    "node": "n1",\n    "nodePath": "demo/thing",\n    "state": "queued",\n    "review": "human",\n    "captainSurface": "none",\n    "testing": null,\n    "captain": null,\n    "path": [\n      "building",\n      "review",\n      "captain-review",\n      "merge"\n    ]\n  }\n]'
+++ printf %s $'[\n  {\n    "id": "c1",\n    "node": "n1",\n    "nodePath": "demo/thing",\n    "state": "queued",\n    "review": "human",\n    "captainSurface": "none",\n    "testing": null,\n    "captain": null,\n    "path": [\n      "building",\n      "review",\n      "captain-review",\n      "merge"\n    ]\n  }\n]'
+++ jq -r '.[0].id'
+++ jq -r '.[0].node'
+++ printf %s $'[\n  {\n    "id": "c1",\n    "node": "n1",\n    "nodePath": "demo/thing",\n    "state": "queued",\n    "review": "human",\n    "captainSurface": "none",\n    "testing": null,\n    "captain": null,\n    "path": [\n      "building",\n      "review",\n      "captain-review",\n      "merge"\n    ]\n  }\n]'
++ set -- c1 n1
++ atlas_in mock /tmp/fm-atlas-gate.UG464v/mock-pr-forwarded-word/specs --by fm-spawn ticket start c1 --to fm-task-a1 --task task-a1
++ printf '%s %s\n' c1 n1
+ seeded='c1 n1'
+ TICKET=c1
+ printf '%s\n' /tmp/fm-atlas-gate.UG464v/mock-pr-forwarded-word/specs
+ fm_write_meta /tmp/fm-atlas-gate.UG464v/mock-pr-forwarded-word/state/task-a1.meta window=firstmate:fm-task-a1 worktree=/tmp/fm-atlas-gate.UG464v/mock-pr-forwarded-word/wt project=/tmp/fm-atlas-gate.UG464v/mock-pr-forwarded-word/project kind=ship mode=no-mistakes atlas_ticket=c1 yolo=on
+ local file=/tmp/fm-atlas-gate.UG464v/mock-pr-forwarded-word/state/task-a1.meta kv
+ shift
+ :
+ for kv in "$@"
+ printf '%s\n' window=firstmate:fm-task-a1
+ for kv in "$@"
+ printf '%s\n' worktree=/tmp/fm-atlas-gate.UG464v/mock-pr-forwarded-word/wt
+ for kv in "$@"
+ printf '%s\n' project=/tmp/fm-atlas-gate.UG464v/mock-pr-forwarded-word/project
+ for kv in "$@"
+ printf '%s\n' kind=ship
+ for kv in "$@"
+ printf '%s\n' mode=no-mistakes
+ for kv in "$@"
+ printf '%s\n' atlas_ticket=c1
+ for kv in "$@"
+ printf '%s\n' yolo=on
+ make_fake_forge
+ cat
+ cat
+ chmod +x /tmp/fm-atlas-gate.UG464v/mock-pr-forwarded-word/fakebin/gh-axi /tmp/fm-atlas-gate.UG464v/mock-pr-forwarded-word/fakebin/gh
+ :
+ for form in equals positional
+ set +e
+ case "$form" in
++ run_pr_merge mock -- --captain-word=words
+ out=$'++ local store=mock\n++ shift\n++ FM_FAKE_GH_LOG=/tmp/fm-atlas-gate.UG464v/mock-pr-forwarded-word/gh.log\n++ in_home mock /home/ben/.no-mistakes/worktrees/3665d600861c/01M35Z81603SF5MCV2X9D1FSC2/bin/fm-pr-merge.sh task-a1 https://github.com/example/repo/pull/9 -- --captain-word=words\n++ local store=mock\n++ shift\n++ HOME=/tmp/fm-atlas-gate.UG464v\n++ FM_ROOT_OVERRIDE=/home/ben/.no-mistakes/worktrees/3665d600861c/01M35Z81603SF5MCV2X9D1FSC2\n++ FM_HOME=/tmp/fm-atlas-gate.UG464v/mock-pr-forwarded-word\n++ FM_STATE_OVERRIDE=/tmp/fm-atlas-gate.UG464v/mock-pr-forwarded-word/state\n++ FM_DATA_OVERRIDE=/tmp/fm-atlas-gate.UG464v/mock-pr-forwarded-word/data\n++ FM_CONFIG_OVERRIDE=/tmp/fm-atlas-gate.UG464v/mock-pr-forwarded-word/config\n+++ store_bin mock\n+++ case "$1" in\n+++ printf \'%s\\n\' /tmp/fm-atlas-gate.UG464v/store-mock\n++ PATH=/tmp/fm-atlas-gate.UG464v/mock-pr-forwarded-word/fakebin:/tmp/fm-atlas-gate.UG464v/store-mock:/home/ben/.pi/agent/bin:/home/ben/.npm-global/bin:/home/ben/.local/bin:/home/ben/.npm-global/bin:/home/ben/.local/bin:/run/wrappers/bin:/home/ben/.nix-profile/bin:/nix/profile/bin:/home/ben/.local/state/nix/profile/bin:/etc/profiles/per-user/ben/bin:/nix/var/nix/profiles/default/bin:/run/current-system/sw/bin:/home/ben/go/bin:/home/ben/.cargo/bin:/home/ben/bin:/opt/homebrew/bin:/opt/homebrew/sbin:/usr/local/bin:/usr/local/sbin:/usr/bin:/bin:/usr/sbin:/sbin\n++ /home/ben/.no-mistakes/worktrees/3665d600861c/01M35Z81603SF5MCV2X9D1FSC2/bin/fm-pr-merge.sh task-a1 https://github.com/example/repo/pull/9 -- --captain-word=words\nerror: --captain-word is never forwarded to the forge CLI; pass it before --'
+ rc=2
+ set -e
+ expect_code 2 2 'mock: fm-pr-merge accepted a forwarded --captain-word=equals'
+ local expected=2 actual=2 'label=mock: fm-pr-merge accepted a forwarded --captain-word=equals'
+ '[' 2 = 2 ']'
+ assert_contains $'++ local store=mock\n++ shift\n++ FM_FAKE_GH_LOG=/tmp/fm-atlas-gate.UG464v/mock-pr-forwarded-word/gh.log\n++ in_home mock /home/ben/.no-mistakes/worktrees/3665d600861c/01M35Z81603SF5MCV2X9D1FSC2/bin/fm-pr-merge.sh task-a1 https://github.com/example/repo/pull/9 -- --captain-word=words\n++ local store=mock\n++ shift\n++ HOME=/tmp/fm-atlas-gate.UG464v\n++ FM_ROOT_OVERRIDE=/home/ben/.no-mistakes/worktrees/3665d600861c/01M35Z81603SF5MCV2X9D1FSC2\n++ FM_HOME=/tmp/fm-atlas-gate.UG464v/mock-pr-forwarded-word\n++ FM_STATE_OVERRIDE=/tmp/fm-atlas-gate.UG464v/mock-pr-forwarded-word/state\n++ FM_DATA_OVERRIDE=/tmp/fm-atlas-gate.UG464v/mock-pr-forwarded-word/data\n++ FM_CONFIG_OVERRIDE=/tmp/fm-atlas-gate.UG464v/mock-pr-forwarded-word/config\n+++ store_bin mock\n+++ case "$1" in\n+++ printf \'%s\\n\' /tmp/fm-atlas-gate.UG464v/store-mock\n++ PATH=/tmp/fm-atlas-gate.UG464v/mock-pr-forwarded-word/fakebin:/tmp/fm-atlas-gate.UG464v/store-mock:/home/ben/.pi/agent/bin:/home/ben/.npm-global/bin:/home/ben/.local/bin:/home/ben/.npm-global/bin:/home/ben/.local/bin:/run/wrappers/bin:/home/ben/.nix-profile/bin:/nix/profile/bin:/home/ben/.local/state/nix/profile/bin:/etc/profiles/per-user/ben/bin:/nix/var/nix/profiles/default/bin:/run/current-system/sw/bin:/home/ben/go/bin:/home/ben/.cargo/bin:/home/ben/bin:/opt/homebrew/bin:/opt/homebrew/sbin:/usr/local/bin:/usr/local/sbin:/usr/bin:/bin:/usr/sbin:/sbin\n++ /home/ben/.no-mistakes/worktrees/3665d600861c/01M35Z81603SF5MCV2X9D1FSC2/bin/fm-pr-merge.sh task-a1 https://github.com/example/repo/pull/9 -- --captain-word=words\nerror: --captain-word is never forwarded to the forge CLI; pass it before --' 'never forwarded to the forge CLI' 'mock: fm-pr-merge did not explain the forwarded captain-word rule'
+ case "$1" in
+ :
+ '[' '!' -s /tmp/fm-atlas-gate.UG464v/mock-pr-forwarded-word/gh.log ']'
+ for form in equals positional
+ set +e
+ case "$form" in
++ run_pr_merge mock -- --captain-word words
+ out=$'++ local store=mock\n++ shift\n++ FM_FAKE_GH_LOG=/tmp/fm-atlas-gate.UG464v/mock-pr-forwarded-word/gh.log\n++ in_home mock /home/ben/.no-mistakes/worktrees/3665d600861c/01M35Z81603SF5MCV2X9D1FSC2/bin/fm-pr-merge.sh task-a1 https://github.com/example/repo/pull/9 -- --captain-word words\n++ local store=mock\n++ shift\n++ HOME=/tmp/fm-atlas-gate.UG464v\n++ FM_ROOT_OVERRIDE=/home/ben/.no-mistakes/worktrees/3665d600861c/01M35Z81603SF5MCV2X9D1FSC2\n++ FM_HOME=/tmp/fm-atlas-gate.UG464v/mock-pr-forwarded-word\n++ FM_STATE_OVERRIDE=/tmp/fm-atlas-gate.UG464v/mock-pr-forwarded-word/state\n++ FM_DATA_OVERRIDE=/tmp/fm-atlas-gate.UG464v/mock-pr-forwarded-word/data\n++ FM_CONFIG_OVERRIDE=/tmp/fm-atlas-gate.UG464v/mock-pr-forwarded-word/config\n+++ store_bin mock\n+++ case "$1" in\n+++ printf \'%s\\n\' /tmp/fm-atlas-gate.UG464v/store-mock\n++ PATH=/tmp/fm-atlas-gate.UG464v/mock-pr-forwarded-word/fakebin:/tmp/fm-atlas-gate.UG464v/store-mock:/home/ben/.pi/agent/bin:/home/ben/.npm-global/bin:/home/ben/.local/bin:/home/ben/.npm-global/bin:/home/ben/.local/bin:/run/wrappers/bin:/home/ben/.nix-profile/bin:/nix/profile/bin:/home/ben/.local/state/nix/profile/bin:/etc/profiles/per-user/ben/bin:/nix/var/nix/profiles/default/bin:/run/current-system/sw/bin:/home/ben/go/bin:/home/ben/.cargo/bin:/home/ben/bin:/opt/homebrew/bin:/opt/homebrew/sbin:/usr/local/bin:/usr/local/sbin:/usr/bin:/bin:/usr/sbin:/sbin\n++ /home/ben/.no-mistakes/worktrees/3665d600861c/01M35Z81603SF5MCV2X9D1FSC2/bin/fm-pr-merge.sh task-a1 https://github.com/example/repo/pull/9 -- --captain-word words\nerror: --captain-word is never forwarded to the forge CLI; pass it before --'
+ rc=2
+ set -e
+ expect_code 2 2 'mock: fm-pr-merge accepted a forwarded --captain-word=positional'
+ local expected=2 actual=2 'label=mock: fm-pr-merge accepted a forwarded --captain-word=positional'
+ '[' 2 = 2 ']'
+ assert_contains $'++ local store=mock\n++ shift\n++ FM_FAKE_GH_LOG=/tmp/fm-atlas-gate.UG464v/mock-pr-forwarded-word/gh.log\n++ in_home mock /home/ben/.no-mistakes/worktrees/3665d600861c/01M35Z81603SF5MCV2X9D1FSC2/bin/fm-pr-merge.sh task-a1 https://github.com/example/repo/pull/9 -- --captain-word words\n++ local store=mock\n++ shift\n++ HOME=/tmp/fm-atlas-gate.UG464v\n++ FM_ROOT_OVERRIDE=/home/ben/.no-mistakes/worktrees/3665d600861c/01M35Z81603SF5MCV2X9D1FSC2\n++ FM_HOME=/tmp/fm-atlas-gate.UG464v/mock-pr-forwarded-word\n++ FM_STATE_OVERRIDE=/tmp/fm-atlas-gate.UG464v/mock-pr-forwarded-word/state\n++ FM_DATA_OVERRIDE=/tmp/fm-atlas-gate.UG464v/mock-pr-forwarded-word/data\n++ FM_CONFIG_OVERRIDE=/tmp/fm-atlas-gate.UG464v/mock-pr-forwarded-word/config\n+++ store_bin mock\n+++ case "$1" in\n+++ printf \'%s\\n\' /tmp/fm-atlas-gate.UG464v/store-mock\n++ PATH=/tmp/fm-atlas-gate.UG464v/mock-pr-forwarded-word/fakebin:/tmp/fm-atlas-gate.UG464v/store-mock:/home/ben/.pi/agent/bin:/home/ben/.npm-global/bin:/home/ben/.local/bin:/home/ben/.npm-global/bin:/home/ben/.local/bin:/run/wrappers/bin:/home/ben/.nix-profile/bin:/nix/profile/bin:/home/ben/.local/state/nix/profile/bin:/etc/profiles/per-user/ben/bin:/nix/var/nix/profiles/default/bin:/run/current-system/sw/bin:/home/ben/go/bin:/home/ben/.cargo/bin:/home/ben/bin:/opt/homebrew/bin:/opt/homebrew/sbin:/usr/local/bin:/usr/local/sbin:/usr/bin:/bin:/usr/sbin:/sbin\n++ /home/ben/.no-mistakes/worktrees/3665d600861c/01M35Z81603SF5MCV2X9D1FSC2/bin/fm-pr-merge.sh task-a1 https://github.com/example/repo/pull/9 -- --captain-word words\nerror: --captain-word is never forwarded to the forge CLI; pass it before --' 'never forwarded to the forge CLI' 'mock: fm-pr-merge did not explain the forwarded captain-word rule'
+ case "$1" in
+ :
+ '[' '!' -s /tmp/fm-atlas-gate.UG464v/mock-pr-forwarded-word/gh.log ']'
+ pass 'mock: fm-pr-merge refuses captain words after the forge boundary'
+ printf 'ok - %s\n' 'mock: fm-pr-merge refuses captain words after the forge boundary'
ok - mock: fm-pr-merge refuses captain words after the forge boundary
+ test_merge_local_with_captain_word mock
+ local store=mock proj rc
+ MODE=local-only
+ make_home mock local-word human none yolo=on
+ local store=mock name=local-word review=human surface=none seeded
+ shift 4
+ HOME_DIR=/tmp/fm-atlas-gate.UG464v/mock-local-word
+ REPO=/tmp/fm-atlas-gate.UG464v/mock-local-word/specs
+ mkdir -p /tmp/fm-atlas-gate.UG464v/mock-local-word/state /tmp/fm-atlas-gate.UG464v/mock-local-word/config /tmp/fm-atlas-gate.UG464v/mock-local-word/data /tmp/fm-atlas-gate.UG464v/mock-local-word/fakebin /tmp/fm-atlas-gate.UG464v/mock-local-word/specs
++ seed_store mock /tmp/fm-atlas-gate.UG464v/mock-local-word/specs human none
++ local store=mock repo=/tmp/fm-atlas-gate.UG464v/mock-local-word/specs review=human surface=none json
++ case "$store" in
++ mkdir -p /tmp/fm-atlas-gate.UG464v/mock-local-word/specs/atlas/mock
++ printf '%s\n' '{"id":"n1","path_":"demo/thing","holder":null,"cond":"charted","stage":null}'
++ jq -n --arg r human --arg s none $'{id: "c1", node: "n1", nodePath: "demo/thing",\n        state: "queued", review: $r, captainSurface: $s, testing: null, captain: null,\n        path: ["building", "review", "captain-review", "merge"]}'
+++ atlas_in mock /tmp/fm-atlas-gate.UG464v/mock-local-word/specs ticket list demo/thing --json
+++ local store=mock repo=/tmp/fm-atlas-gate.UG464v/mock-local-word/specs
+++ shift 2
+++ HOME=/tmp/fm-atlas-gate.UG464v
++++ store_bin mock
++++ case "$1" in
++++ printf '%s\n' /tmp/fm-atlas-gate.UG464v/store-mock
+++ PATH=/tmp/fm-atlas-gate.UG464v/store-mock:/home/ben/.pi/agent/bin:/home/ben/.npm-global/bin:/home/ben/.local/bin:/home/ben/.npm-global/bin:/home/ben/.local/bin:/run/wrappers/bin:/home/ben/.nix-profile/bin:/nix/profile/bin:/home/ben/.local/state/nix/profile/bin:/etc/profiles/per-user/ben/bin:/nix/var/nix/profiles/default/bin:/run/current-system/sw/bin:/home/ben/go/bin:/home/ben/.cargo/bin:/home/ben/bin:/opt/homebrew/bin:/opt/homebrew/sbin:/usr/local/bin:/usr/local/sbin:/usr/bin:/bin:/usr/sbin:/sbin
+++ atlas-axi --repo /tmp/fm-atlas-gate.UG464v/mock-local-word/specs ticket list demo/thing --json
++ json=$'[\n  {\n    "id": "c1",\n    "node": "n1",\n    "nodePath": "demo/thing",\n    "state": "queued",\n    "review": "human",\n    "captainSurface": "none",\n    "testing": null,\n    "captain": null,\n    "path": [\n      "building",\n      "review",\n      "captain-review",\n      "merge"\n    ]\n  }\n]'
+++ printf %s $'[\n  {\n    "id": "c1",\n    "node": "n1",\n    "nodePath": "demo/thing",\n    "state": "queued",\n    "review": "human",\n    "captainSurface": "none",\n    "testing": null,\n    "captain": null,\n    "path": [\n      "building",\n      "review",\n      "captain-review",\n      "merge"\n    ]\n  }\n]'
+++ jq -r '.[0].id'
+++ printf %s $'[\n  {\n    "id": "c1",\n    "node": "n1",\n    "nodePath": "demo/thing",\n    "state": "queued",\n    "review": "human",\n    "captainSurface": "none",\n    "testing": null,\n    "captain": null,\n    "path": [\n      "building",\n      "review",\n      "captain-review",\n      "merge"\n    ]\n  }\n]'
+++ jq -r '.[0].node'
++ set -- c1 n1
++ atlas_in mock /tmp/fm-atlas-gate.UG464v/mock-local-word/specs --by fm-spawn ticket start c1 --to fm-task-a1 --task task-a1
++ printf '%s %s\n' c1 n1
+ seeded='c1 n1'
+ TICKET=c1
+ printf '%s\n' /tmp/fm-atlas-gate.UG464v/mock-local-word/specs
+ fm_write_meta /tmp/fm-atlas-gate.UG464v/mock-local-word/state/task-a1.meta window=firstmate:fm-task-a1 worktree=/tmp/fm-atlas-gate.UG464v/mock-local-word/wt project=/tmp/fm-atlas-gate.UG464v/mock-local-word/project kind=ship mode=local-only atlas_ticket=c1 yolo=on
+ local file=/tmp/fm-atlas-gate.UG464v/mock-local-word/state/task-a1.meta kv
+ shift
+ :
+ for kv in "$@"
+ printf '%s\n' window=firstmate:fm-task-a1
+ for kv in "$@"
+ printf '%s\n' worktree=/tmp/fm-atlas-gate.UG464v/mock-local-word/wt
+ for kv in "$@"
+ printf '%s\n' project=/tmp/fm-atlas-gate.UG464v/mock-local-word/project
+ for kv in "$@"
+ printf '%s\n' kind=ship
+ for kv in "$@"
+ printf '%s\n' mode=local-only
+ for kv in "$@"
+ printf '%s\n' atlas_ticket=c1
+ for kv in "$@"
+ printf '%s\n' yolo=on
+ proj=/tmp/fm-atlas-gate.UG464v/mock-local-word/project
+ fm_git_init_commit /tmp/fm-atlas-gate.UG464v/mock-local-word/project
+ local dir=/tmp/fm-atlas-gate.UG464v/mock-local-word/project
+ mkdir -p /tmp/fm-atlas-gate.UG464v/mock-local-word/project
+ git -C /tmp/fm-atlas-gate.UG464v/mock-local-word/project init -q
++ basename /tmp/fm-atlas-gate.UG464v/mock-local-word/project
+ printf '# %s\n' project
+ git -C /tmp/fm-atlas-gate.UG464v/mock-local-word/project add README.md
+ git -C /tmp/fm-atlas-gate.UG464v/mock-local-word/project -c 'user.name=Firstmate Tests' -c user.email=tests@example.invalid commit -qm initial
+ git -C /tmp/fm-atlas-gate.UG464v/mock-local-word/project checkout -q -b fm/task-a1
+ printf 'change\n'
+ git -C /tmp/fm-atlas-gate.UG464v/mock-local-word/project add change.txt
+ git -C /tmp/fm-atlas-gate.UG464v/mock-local-word/project commit -qm change
+ git -C /tmp/fm-atlas-gate.UG464v/mock-local-word/project checkout -q main
+ set +e
+ in_home mock /home/ben/.no-mistakes/worktrees/3665d600861c/01M35Z81603SF5MCV2X9D1FSC2/bin/fm-merge-local.sh task-a1 --captain-word 'land it'
+ rc=0
+ set -e
++ grep -v '^●' /tmp/fm-atlas-gate.UG464v/mock-local-word/merge.out
+ expect_code 0 0 $'mock: fm-merge-local with the captain\'s words must succeed\n+ local store=mock\n+ shift\n+ HOME=/tmp/fm-atlas-gate.UG464v\n+ FM_ROOT_OVERRIDE=/home/ben/.no-mistakes/worktrees/3665d600861c/01M35Z81603SF5MCV2X9D1FSC2\n+ FM_HOME=/tmp/fm-atlas-gate.UG464v/mock-local-word\n+ FM_STATE_OVERRIDE=/tmp/fm-atlas-gate.UG464v/mock-local-word/state\n+ FM_DATA_OVERRIDE=/tmp/fm-atlas-gate.UG464v/mock-local-word/data\n+ FM_CONFIG_OVERRIDE=/tmp/fm-atlas-gate.UG464v/mock-local-word/config\n++ store_bin mock\n++ case "$1" in\n++ printf \'%s\\n\' /tmp/fm-atlas-gate.UG464v/store-mock\n+ PATH=/tmp/fm-atlas-gate.UG464v/mock-local-word/fakebin:/tmp/fm-atlas-gate.UG464v/store-mock:/home/ben/.pi/agent/bin:/home/ben/.npm-global/bin:/home/ben/.local/bin:/home/ben/.npm-global/bin:/home/ben/.local/bin:/run/wrappers/bin:/home/ben/.nix-profile/bin:/nix/profile/bin:/home/ben/.local/state/nix/profile/bin:/etc/profiles/per-user/ben/bin:/nix/var/nix/profiles/default/bin:/run/current-system/sw/bin:/home/ben/go/bin:/home/ben/.cargo/bin:/home/ben/bin:/opt/homebrew/bin:/opt/homebrew/sbin:/usr/local/bin:/usr/local/sbin:/usr/bin:/bin:/usr/sbin:/sbin\n+ /home/ben/.no-mistakes/worktrees/3665d600861c/01M35Z81603SF5MCV2X9D1FSC2/bin/fm-merge-local.sh task-a1 --captain-word \'land it\'\nmerged fm/task-a1 into local main (47d1719 -> 1871714) in /tmp/fm-atlas-gate.UG464v/mock-local-word/project'
+ local expected=0 actual=0 $'label=mock: fm-merge-local with the captain\'s words must succeed\n+ local store=mock\n+ shift\n+ HOME=/tmp/fm-atlas-gate.UG464v\n+ FM_ROOT_OVERRIDE=/home/ben/.no-mistakes/worktrees/3665d600861c/01M35Z81603SF5MCV2X9D1FSC2\n+ FM_HOME=/tmp/fm-atlas-gate.UG464v/mock-local-word\n+ FM_STATE_OVERRIDE=/tmp/fm-atlas-gate.UG464v/mock-local-word/state\n+ FM_DATA_OVERRIDE=/tmp/fm-atlas-gate.UG464v/mock-local-word/data\n+ FM_CONFIG_OVERRIDE=/tmp/fm-atlas-gate.UG464v/mock-local-word/config\n++ store_bin mock\n++ case "$1" in\n++ printf \'%s\\n\' /tmp/fm-atlas-gate.UG464v/store-mock\n+ PATH=/tmp/fm-atlas-gate.UG464v/mock-local-word/fakebin:/tmp/fm-atlas-gate.UG464v/store-mock:/home/ben/.pi/agent/bin:/home/ben/.npm-global/bin:/home/ben/.local/bin:/home/ben/.npm-global/bin:/home/ben/.local/bin:/run/wrappers/bin:/home/ben/.nix-profile/bin:/nix/profile/bin:/home/ben/.local/state/nix/profile/bin:/etc/profiles/per-user/ben/bin:/nix/var/nix/profiles/default/bin:/run/current-system/sw/bin:/home/ben/go/bin:/home/ben/.cargo/bin:/home/ben/bin:/opt/homebrew/bin:/opt/homebrew/sbin:/usr/local/bin:/usr/local/sbin:/usr/bin:/bin:/usr/sbin:/sbin\n+ /home/ben/.no-mistakes/worktrees/3665d600861c/01M35Z81603SF5MCV2X9D1FSC2/bin/fm-merge-local.sh task-a1 --captain-word \'land it\'\nmerged fm/task-a1 into local main (47d1719 -> 1871714) in /tmp/fm-atlas-gate.UG464v/mock-local-word/project'
+ '[' 0 = 0 ']'
++ ticket_field mock /tmp/fm-atlas-gate.UG464v/mock-local-word/specs c1 .captain.word
++ jq -r '.change.captain.word // empty'
++ atlas_in mock /tmp/fm-atlas-gate.UG464v/mock-local-word/specs ticket show c1 --json
++ local store=mock repo=/tmp/fm-atlas-gate.UG464v/mock-local-word/specs
++ shift 2
++ HOME=/tmp/fm-atlas-gate.UG464v
+++ store_bin mock
+++ case "$1" in
+++ printf '%s\n' /tmp/fm-atlas-gate.UG464v/store-mock
++ PATH=/tmp/fm-atlas-gate.UG464v/store-mock:/home/ben/.pi/agent/bin:/home/ben/.npm-global/bin:/home/ben/.local/bin:/home/ben/.npm-global/bin:/home/ben/.local/bin:/run/wrappers/bin:/home/ben/.nix-profile/bin:/nix/profile/bin:/home/ben/.local/state/nix/profile/bin:/etc/profiles/per-user/ben/bin:/nix/var/nix/profiles/default/bin:/run/current-system/sw/bin:/home/ben/go/bin:/home/ben/.cargo/bin:/home/ben/bin:/opt/homebrew/bin:/opt/homebrew/sbin:/usr/local/bin:/usr/local/sbin:/usr/bin:/bin:/usr/sbin:/sbin
++ atlas-axi --repo /tmp/fm-atlas-gate.UG464v/mock-local-word/specs ticket show c1 --json
+ '[' 'land it' = 'land it' ']'
++ ticket_field mock /tmp/fm-atlas-gate.UG464v/mock-local-word/specs c1 .state
++ jq -r '.change.state // empty'
++ atlas_in mock /tmp/fm-atlas-gate.UG464v/mock-local-word/specs ticket show c1 --json
++ local store=mock repo=/tmp/fm-atlas-gate.UG464v/mock-local-word/specs
++ shift 2
++ HOME=/tmp/fm-atlas-gate.UG464v
+++ store_bin mock
+++ case "$1" in
+++ printf '%s\n' /tmp/fm-atlas-gate.UG464v/store-mock
++ PATH=/tmp/fm-atlas-gate.UG464v/store-mock:/home/ben/.pi/agent/bin:/home/ben/.npm-global/bin:/home/ben/.local/bin:/home/ben/.npm-global/bin:/home/ben/.local/bin:/run/wrappers/bin:/home/ben/.nix-profile/bin:/nix/profile/bin:/home/ben/.local/state/nix/profile/bin:/etc/profiles/per-user/ben/bin:/nix/var/nix/profiles/default/bin:/run/current-system/sw/bin:/home/ben/go/bin:/home/ben/.cargo/bin:/home/ben/bin:/opt/homebrew/bin:/opt/homebrew/sbin:/usr/local/bin:/usr/local/sbin:/usr/bin:/bin:/usr/sbin:/sbin
++ atlas-axi --repo /tmp/fm-atlas-gate.UG464v/mock-local-word/specs ticket show c1 --json
+ '[' completed = completed ']'
+ pass 'mock: fm-merge-local --captain-word approves and completes the ticket'
+ printf 'ok - %s\n' 'mock: fm-merge-local --captain-word approves and completes the ticket'
ok - mock: fm-merge-local --captain-word approves and completes the ticket
+ test_teardown_refused mock
+ local store=mock rc
+ make_teardown_case mock teardown-refused
+ local wt
+ make_home mock teardown-refused human none
+ local store=mock name=teardown-refused review=human surface=none seeded
+ shift 4
+ HOME_DIR=/tmp/fm-atlas-gate.UG464v/mock-teardown-refused
+ REPO=/tmp/fm-atlas-gate.UG464v/mock-teardown-refused/specs
+ mkdir -p /tmp/fm-atlas-gate.UG464v/mock-teardown-refused/state /tmp/fm-atlas-gate.UG464v/mock-teardown-refused/config /tmp/fm-atlas-gate.UG464v/mock-teardown-refused/data /tmp/fm-atlas-gate.UG464v/mock-teardown-refused/fakebin /tmp/fm-atlas-gate.UG464v/mock-teardown-refused/specs
++ seed_store mock /tmp/fm-atlas-gate.UG464v/mock-teardown-refused/specs human none
++ local store=mock repo=/tmp/fm-atlas-gate.UG464v/mock-teardown-refused/specs review=human surface=none json
++ case "$store" in
++ mkdir -p /tmp/fm-atlas-gate.UG464v/mock-teardown-refused/specs/atlas/mock
++ printf '%s\n' '{"id":"n1","path_":"demo/thing","holder":null,"cond":"charted","stage":null}'
++ jq -n --arg r human --arg s none $'{id: "c1", node: "n1", nodePath: "demo/thing",\n        state: "queued", review: $r, captainSurface: $s, testing: null, captain: null,\n        path: ["building", "review", "captain-review", "merge"]}'
+++ atlas_in mock /tmp/fm-atlas-gate.UG464v/mock-teardown-refused/specs ticket list demo/thing --json
+++ local store=mock repo=/tmp/fm-atlas-gate.UG464v/mock-teardown-refused/specs
+++ shift 2
+++ HOME=/tmp/fm-atlas-gate.UG464v
++++ store_bin mock
++++ case "$1" in
++++ printf '%s\n' /tmp/fm-atlas-gate.UG464v/store-mock
+++ PATH=/tmp/fm-atlas-gate.UG464v/store-mock:/home/ben/.pi/agent/bin:/home/ben/.npm-global/bin:/home/ben/.local/bin:/home/ben/.npm-global/bin:/home/ben/.local/bin:/run/wrappers/bin:/home/ben/.nix-profile/bin:/nix/profile/bin:/home/ben/.local/state/nix/profile/bin:/etc/profiles/per-user/ben/bin:/nix/var/nix/profiles/default/bin:/run/current-system/sw/bin:/home/ben/go/bin:/home/ben/.cargo/bin:/home/ben/bin:/opt/homebrew/bin:/opt/homebrew/sbin:/usr/local/bin:/usr/local/sbin:/usr/bin:/bin:/usr/sbin:/sbin
+++ atlas-axi --repo /tmp/fm-atlas-gate.UG464v/mock-teardown-refused/specs ticket list demo/thing --json
++ json=$'[\n  {\n    "id": "c1",\n    "node": "n1",\n    "nodePath": "demo/thing",\n    "state": "queued",\n    "review": "human",\n    "captainSurface": "none",\n    "testing": null,\n    "captain": null,\n    "path": [\n      "building",\n      "review",\n      "captain-review",\n      "merge"\n    ]\n  }\n]'
+++ jq -r '.[0].id'
+++ printf %s $'[\n  {\n    "id": "c1",\n    "node": "n1",\n    "nodePath": "demo/thing",\n    "state": "queued",\n    "review": "human",\n    "captainSurface": "none",\n    "testing": null,\n    "captain": null,\n    "path": [\n      "building",\n      "review",\n      "captain-review",\n      "merge"\n    ]\n  }\n]'
+++ printf %s $'[\n  {\n    "id": "c1",\n    "node": "n1",\n    "nodePath": "demo/thing",\n    "state": "queued",\n    "review": "human",\n    "captainSurface": "none",\n    "testing": null,\n    "captain": null,\n    "path": [\n      "building",\n      "review",\n      "captain-review",\n      "merge"\n    ]\n  }\n]'
+++ jq -r '.[0].node'
++ set -- c1 n1
++ atlas_in mock /tmp/fm-atlas-gate.UG464v/mock-teardown-refused/specs --by fm-spawn ticket start c1 --to fm-task-a1 --task task-a1
++ printf '%s %s\n' c1 n1
+ seeded='c1 n1'
+ TICKET=c1
+ printf '%s\n' /tmp/fm-atlas-gate.UG464v/mock-teardown-refused/specs
+ fm_write_meta /tmp/fm-atlas-gate.UG464v/mock-teardown-refused/state/task-a1.meta window=firstmate:fm-task-a1 worktree=/tmp/fm-atlas-gate.UG464v/mock-teardown-refused/wt project=/tmp/fm-atlas-gate.UG464v/mock-teardown-refused/project kind=ship mode=no-mistakes atlas_ticket=c1
+ local file=/tmp/fm-atlas-gate.UG464v/mock-teardown-refused/state/task-a1.meta kv
+ shift
+ :
+ for kv in "$@"
+ printf '%s\n' window=firstmate:fm-task-a1
+ for kv in "$@"
+ printf '%s\n' worktree=/tmp/fm-atlas-gate.UG464v/mock-teardown-refused/wt
+ for kv in "$@"
+ printf '%s\n' project=/tmp/fm-atlas-gate.UG464v/mock-teardown-refused/project
+ for kv in "$@"
+ printf '%s\n' kind=ship
+ for kv in "$@"
+ printf '%s\n' mode=no-mistakes
+ for kv in "$@"
+ printf '%s\n' atlas_ticket=c1
+ wt=/tmp/fm-atlas-gate.UG464v/mock-teardown-refused/wt
+ fm_fake_exit0 /tmp/fm-atlas-gate.UG464v/mock-teardown-refused/fakebin tmux treehouse no-mistakes gh
+ local fakebin=/tmp/fm-atlas-gate.UG464v/mock-teardown-refused/fakebin tool
+ shift
+ for tool in "$@"
+ cat
+ chmod +x /tmp/fm-atlas-gate.UG464v/mock-teardown-refused/fakebin/tmux
+ for tool in "$@"
+ cat
+ chmod +x /tmp/fm-atlas-gate.UG464v/mock-teardown-refused/fakebin/treehouse
+ for tool in "$@"
+ cat
+ chmod +x /tmp/fm-atlas-gate.UG464v/mock-teardown-refused/fakebin/no-mistakes
+ for tool in "$@"
+ cat
+ chmod +x /tmp/fm-atlas-gate.UG464v/mock-teardown-refused/fakebin/gh
+ fm_git_worktree /tmp/fm-atlas-gate.UG464v/mock-teardown-refused/project /tmp/fm-atlas-gate.UG464v/mock-teardown-refused/wt fm/task-a1
+ local repo=/tmp/fm-atlas-gate.UG464v/mock-teardown-refused/project worktree=/tmp/fm-atlas-gate.UG464v/mock-teardown-refused/wt branch=fm/task-a1
+ fm_git_init_commit /tmp/fm-atlas-gate.UG464v/mock-teardown-refused/project
+ local dir=/tmp/fm-atlas-gate.UG464v/mock-teardown-refused/project
+ mkdir -p /tmp/fm-atlas-gate.UG464v/mock-teardown-refused/project
+ git -C /tmp/fm-atlas-gate.UG464v/mock-teardown-refused/project init -q
++ basename /tmp/fm-atlas-gate.UG464v/mock-teardown-refused/project
+ printf '# %s\n' project
+ git -C /tmp/fm-atlas-gate.UG464v/mock-teardown-refused/project add README.md
+ git -C /tmp/fm-atlas-gate.UG464v/mock-teardown-refused/project -c 'user.name=Firstmate Tests' -c user.email=tests@example.invalid commit -qm initial
+ fm_git_add_origin /tmp/fm-atlas-gate.UG464v/mock-teardown-refused/project /tmp/fm-atlas-gate.UG464v/mock-teardown-refused/project.origin.git
+ local repo=/tmp/fm-atlas-gate.UG464v/mock-teardown-refused/project remote=/tmp/fm-atlas-gate.UG464v/mock-teardown-refused/project.origin.git remote_abs
+ git clone --quiet --bare /tmp/fm-atlas-gate.UG464v/mock-teardown-refused/project /tmp/fm-atlas-gate.UG464v/mock-teardown-refused/project.origin.git
++ cd /tmp/fm-atlas-gate.UG464v/mock-teardown-refused/project.origin.git
++ pwd
+ remote_abs=/tmp/fm-atlas-gate.UG464v/mock-teardown-refused/project.origin.git
+ git -C /tmp/fm-atlas-gate.UG464v/mock-teardown-refused/project remote add origin file:///tmp/fm-atlas-gate.UG464v/mock-teardown-refused/project.origin.git
+ git -C /tmp/fm-atlas-gate.UG464v/mock-teardown-refused/project worktree add --quiet -b fm/task-a1 /tmp/fm-atlas-gate.UG464v/mock-teardown-refused/wt
+ printf 'the work this leg produced\n'
+ git -C /tmp/fm-atlas-gate.UG464v/mock-teardown-refused/wt add feature.txt
+ git -C /tmp/fm-atlas-gate.UG464v/mock-teardown-refused/wt commit -qm 'the leg produced this'
+ git -C /tmp/fm-atlas-gate.UG464v/mock-teardown-refused/wt push -q origin fm/task-a1
+ fm_write_meta /tmp/fm-atlas-gate.UG464v/mock-teardown-refused/state/task-a1.meta window=firstmate:fm-task-a1 endpoint_task_id=task-a1 worktree=/tmp/fm-atlas-gate.UG464v/mock-teardown-refused/wt project=/tmp/fm-atlas-gate.UG464v/mock-teardown-refused/project kind=ship mode=local-only atlas_ticket=c1
+ local file=/tmp/fm-atlas-gate.UG464v/mock-teardown-refused/state/task-a1.meta kv
+ shift
+ :
+ for kv in "$@"
+ printf '%s\n' window=firstmate:fm-task-a1
+ for kv in "$@"
+ printf '%s\n' endpoint_task_id=task-a1
+ for kv in "$@"
+ printf '%s\n' worktree=/tmp/fm-atlas-gate.UG464v/mock-teardown-refused/wt
+ for kv in "$@"
+ printf '%s\n' project=/tmp/fm-atlas-gate.UG464v/mock-teardown-refused/project
+ for kv in "$@"
+ printf '%s\n' kind=ship
+ for kv in "$@"
+ printf '%s\n' mode=local-only
+ for kv in "$@"
+ printf '%s\n' atlas_ticket=c1
+ printf 'done: merged into the local default branch\n'
+ set +e
+ in_home mock /home/ben/.no-mistakes/worktrees/3665d600861c/01M35Z81603SF5MCV2X9D1FSC2/bin/fm-teardown.sh task-a1
+ rc=0
+ set -e
+ expect_code 0 0 'mock: a refused Atlas close-out must not fail cleanup'
+ local expected=0 actual=0 'label=mock: a refused Atlas close-out must not fail cleanup'
+ '[' 0 = 0 ']'
+ assert_absent /tmp/fm-atlas-gate.UG464v/mock-teardown-refused/state/task-a1.meta 'mock: cleanup must still remove the task record'
+ '[' '!' -e /tmp/fm-atlas-gate.UG464v/mock-teardown-refused/state/task-a1.meta ']'
+ assert_one_gate_line mock /tmp/fm-atlas-gate.UG464v/mock-teardown-refused/state/task-a1.status 'captain'\''s approval' fm-teardown
+ local lines count
++ gate_lines /tmp/fm-atlas-gate.UG464v/mock-teardown-refused/state/task-a1.status
++ grep -F '[key=atlas-gate-c1]' /tmp/fm-atlas-gate.UG464v/mock-teardown-refused/state/task-a1.status
+ lines='blocked [key=atlas-gate-c1]: the Atlas refused to complete ticket c1 for task task-a1: the captain'\''s approval is missing; node n1 released'
++ printf %s 'blocked [key=atlas-gate-c1]: the Atlas refused to complete ticket c1 for task task-a1: the captain'\''s approval is missing; node n1 released'
++ grep -c .
+ count=1
+ '[' 1 = 1 ']'
+ case "$lines" in
+ assert_contains 'blocked [key=atlas-gate-c1]: the Atlas refused to complete ticket c1 for task task-a1: the captain'\''s approval is missing; node n1 released' c1 'mock: fm-teardown: the gate line does not name the ticket'
+ case "$1" in
+ :
+ assert_contains 'blocked [key=atlas-gate-c1]: the Atlas refused to complete ticket c1 for task task-a1: the captain'\''s approval is missing; node n1 released' 'captain'\''s approval' 'mock: fm-teardown: the gate line does not name the missing gate'
+ case "$1" in
+ :
+ assert_no_grep 'done: merged' /tmp/fm-atlas-gate.UG464v/mock-teardown-refused/state/task-a1.status 'mock: the retired status history came back with the gate line'
+ grep -F -- 'done: merged' /tmp/fm-atlas-gate.UG464v/mock-teardown-refused/state/task-a1.status
++ node_field mock /tmp/fm-atlas-gate.UG464v/mock-teardown-refused/specs .holder
++ jq -r '.holder // empty'
++ atlas_in mock /tmp/fm-atlas-gate.UG464v/mock-teardown-refused/specs show demo/thing --json
++ local store=mock repo=/tmp/fm-atlas-gate.UG464v/mock-teardown-refused/specs
++ shift 2
++ HOME=/tmp/fm-atlas-gate.UG464v
+++ store_bin mock
+++ case "$1" in
+++ printf '%s\n' /tmp/fm-atlas-gate.UG464v/store-mock
++ PATH=/tmp/fm-atlas-gate.UG464v/store-mock:/home/ben/.pi/agent/bin:/home/ben/.npm-global/bin:/home/ben/.local/bin:/home/ben/.npm-global/bin:/home/ben/.local/bin:/run/wrappers/bin:/home/ben/.nix-profile/bin:/nix/profile/bin:/home/ben/.local/state/nix/profile/bin:/etc/profiles/per-user/ben/bin:/nix/var/nix/profiles/default/bin:/run/current-system/sw/bin:/home/ben/go/bin:/home/ben/.cargo/bin:/home/ben/bin:/opt/homebrew/bin:/opt/homebrew/sbin:/usr/local/bin:/usr/local/sbin:/usr/bin:/bin:/usr/sbin:/sbin
++ atlas-axi --repo /tmp/fm-atlas-gate.UG464v/mock-teardown-refused/specs show demo/thing --json
+ '[' -z '' ']'
++ node_field mock /tmp/fm-atlas-gate.UG464v/mock-teardown-refused/specs .cond
++ atlas_in mock /tmp/fm-atlas-gate.UG464v/mock-teardown-refused/specs show demo/thing --json
++ local store=mock repo=/tmp/fm-atlas-gate.UG464v/mock-teardown-refused/specs
++ shift 2
++ HOME=/tmp/fm-atlas-gate.UG464v
++ jq -r '.cond // empty'
+++ store_bin mock
+++ case "$1" in
+++ printf '%s\n' /tmp/fm-atlas-gate.UG464v/store-mock
++ PATH=/tmp/fm-atlas-gate.UG464v/store-mock:/home/ben/.pi/agent/bin:/home/ben/.npm-global/bin:/home/ben/.local/bin:/home/ben/.npm-global/bin:/home/ben/.local/bin:/run/wrappers/bin:/home/ben/.nix-profile/bin:/nix/profile/bin:/home/ben/.local/state/nix/profile/bin:/etc/profiles/per-user/ben/bin:/nix/var/nix/profiles/default/bin:/run/current-system/sw/bin:/home/ben/go/bin:/home/ben/.cargo/bin:/home/ben/bin:/opt/homebrew/bin:/opt/homebrew/sbin:/usr/local/bin:/usr/local/sbin:/usr/bin:/bin:/usr/sbin:/sbin
++ atlas-axi --repo /tmp/fm-atlas-gate.UG464v/mock-teardown-refused/specs show demo/thing --json
+ '[' underway '!=' landed ']'
+ pass 'mock: fm-teardown releases a refused node and its gate line outlives the retired records'
+ printf 'ok - %s\n' 'mock: fm-teardown releases a refused node and its gate line outlives the retired records'
ok - mock: fm-teardown releases a refused node and its gate line outlives the retired records
+ test_teardown_with_captain_word mock
+ local store=mock rc
+ make_teardown_case mock teardown-word
+ local wt
+ make_home mock teardown-word human none
+ local store=mock name=teardown-word review=human surface=none seeded
+ shift 4
+ HOME_DIR=/tmp/fm-atlas-gate.UG464v/mock-teardown-word
+ REPO=/tmp/fm-atlas-gate.UG464v/mock-teardown-word/specs
+ mkdir -p /tmp/fm-atlas-gate.UG464v/mock-teardown-word/state /tmp/fm-atlas-gate.UG464v/mock-teardown-word/config /tmp/fm-atlas-gate.UG464v/mock-teardown-word/data /tmp/fm-atlas-gate.UG464v/mock-teardown-word/fakebin /tmp/fm-atlas-gate.UG464v/mock-teardown-word/specs
++ seed_store mock /tmp/fm-atlas-gate.UG464v/mock-teardown-word/specs human none
++ local store=mock repo=/tmp/fm-atlas-gate.UG464v/mock-teardown-word/specs review=human surface=none json
++ case "$store" in
++ mkdir -p /tmp/fm-atlas-gate.UG464v/mock-teardown-word/specs/atlas/mock
++ printf '%s\n' '{"id":"n1","path_":"demo/thing","holder":null,"cond":"charted","stage":null}'
++ jq -n --arg r human --arg s none $'{id: "c1", node: "n1", nodePath: "demo/thing",\n        state: "queued", review: $r, captainSurface: $s, testing: null, captain: null,\n        path: ["building", "review", "captain-review", "merge"]}'
+++ atlas_in mock /tmp/fm-atlas-gate.UG464v/mock-teardown-word/specs ticket list demo/thing --json
+++ local store=mock repo=/tmp/fm-atlas-gate.UG464v/mock-teardown-word/specs
+++ shift 2
+++ HOME=/tmp/fm-atlas-gate.UG464v
++++ store_bin mock
++++ case "$1" in
++++ printf '%s\n' /tmp/fm-atlas-gate.UG464v/store-mock
+++ PATH=/tmp/fm-atlas-gate.UG464v/store-mock:/home/ben/.pi/agent/bin:/home/ben/.npm-global/bin:/home/ben/.local/bin:/home/ben/.npm-global/bin:/home/ben/.local/bin:/run/wrappers/bin:/home/ben/.nix-profile/bin:/nix/profile/bin:/home/ben/.local/state/nix/profile/bin:/etc/profiles/per-user/ben/bin:/nix/var/nix/profiles/default/bin:/run/current-system/sw/bin:/home/ben/go/bin:/home/ben/.cargo/bin:/home/ben/bin:/opt/homebrew/bin:/opt/homebrew/sbin:/usr/local/bin:/usr/local/sbin:/usr/bin:/bin:/usr/sbin:/sbin
+++ atlas-axi --repo /tmp/fm-atlas-gate.UG464v/mock-teardown-word/specs ticket list demo/thing --json
++ json=$'[\n  {\n    "id": "c1",\n    "node": "n1",\n    "nodePath": "demo/thing",\n    "state": "queued",\n    "review": "human",\n    "captainSurface": "none",\n    "testing": null,\n    "captain": null,\n    "path": [\n      "building",\n      "review",\n      "captain-review",\n      "merge"\n    ]\n  }\n]'
+++ printf %s $'[\n  {\n    "id": "c1",\n    "node": "n1",\n    "nodePath": "demo/thing",\n    "state": "queued",\n    "review": "human",\n    "captainSurface": "none",\n    "testing": null,\n    "captain": null,\n    "path": [\n      "building",\n      "review",\n      "captain-review",\n      "merge"\n    ]\n  }\n]'
+++ jq -r '.[0].id'
+++ printf %s $'[\n  {\n    "id": "c1",\n    "node": "n1",\n    "nodePath": "demo/thing",\n    "state": "queued",\n    "review": "human",\n    "captainSurface": "none",\n    "testing": null,\n    "captain": null,\n    "path": [\n      "building",\n      "review",\n      "captain-review",\n      "merge"\n    ]\n  }\n]'
+++ jq -r '.[0].node'
++ set -- c1 n1
++ atlas_in mock /tmp/fm-atlas-gate.UG464v/mock-teardown-word/specs --by fm-spawn ticket start c1 --to fm-task-a1 --task task-a1
++ printf '%s %s\n' c1 n1
+ seeded='c1 n1'
+ TICKET=c1
+ printf '%s\n' /tmp/fm-atlas-gate.UG464v/mock-teardown-word/specs
+ fm_write_meta /tmp/fm-atlas-gate.UG464v/mock-teardown-word/state/task-a1.meta window=firstmate:fm-task-a1 worktree=/tmp/fm-atlas-gate.UG464v/mock-teardown-word/wt project=/tmp/fm-atlas-gate.UG464v/mock-teardown-word/project kind=ship mode=no-mistakes atlas_ticket=c1
+ local file=/tmp/fm-atlas-gate.UG464v/mock-teardown-word/state/task-a1.meta kv
+ shift
+ :
+ for kv in "$@"
+ printf '%s\n' window=firstmate:fm-task-a1
+ for kv in "$@"
+ printf '%s\n' worktree=/tmp/fm-atlas-gate.UG464v/mock-teardown-word/wt
+ for kv in "$@"
+ printf '%s\n' project=/tmp/fm-atlas-gate.UG464v/mock-teardown-word/project
+ for kv in "$@"
+ printf '%s\n' kind=ship
+ for kv in "$@"
+ printf '%s\n' mode=no-mistakes
+ for kv in "$@"
+ printf '%s\n' atlas_ticket=c1
+ wt=/tmp/fm-atlas-gate.UG464v/mock-teardown-word/wt
+ fm_fake_exit0 /tmp/fm-atlas-gate.UG464v/mock-teardown-word/fakebin tmux treehouse no-mistakes gh
+ local fakebin=/tmp/fm-atlas-gate.UG464v/mock-teardown-word/fakebin tool
+ shift
+ for tool in "$@"
+ cat
+ chmod +x /tmp/fm-atlas-gate.UG464v/mock-teardown-word/fakebin/tmux
+ for tool in "$@"
+ cat
+ chmod +x /tmp/fm-atlas-gate.UG464v/mock-teardown-word/fakebin/treehouse
+ for tool in "$@"
+ cat
+ chmod +x /tmp/fm-atlas-gate.UG464v/mock-teardown-word/fakebin/no-mistakes
+ for tool in "$@"
+ cat
+ chmod +x /tmp/fm-atlas-gate.UG464v/mock-teardown-word/fakebin/gh
+ fm_git_worktree /tmp/fm-atlas-gate.UG464v/mock-teardown-word/project /tmp/fm-atlas-gate.UG464v/mock-teardown-word/wt fm/task-a1
+ local repo=/tmp/fm-atlas-gate.UG464v/mock-teardown-word/project worktree=/tmp/fm-atlas-gate.UG464v/mock-teardown-word/wt branch=fm/task-a1
+ fm_git_init_commit /tmp/fm-atlas-gate.UG464v/mock-teardown-word/project
+ local dir=/tmp/fm-atlas-gate.UG464v/mock-teardown-word/project
+ mkdir -p /tmp/fm-atlas-gate.UG464v/mock-teardown-word/project
+ git -C /tmp/fm-atlas-gate.UG464v/mock-teardown-word/project init -q
++ basename /tmp/fm-atlas-gate.UG464v/mock-teardown-word/project
+ printf '# %s\n' project
+ git -C /tmp/fm-atlas-gate.UG464v/mock-teardown-word/project add README.md
+ git -C /tmp/fm-atlas-gate.UG464v/mock-teardown-word/project -c 'user.name=Firstmate Tests' -c user.email=tests@example.invalid commit -qm initial
+ fm_git_add_origin /tmp/fm-atlas-gate.UG464v/mock-teardown-word/project /tmp/fm-atlas-gate.UG464v/mock-teardown-word/project.origin.git
+ local repo=/tmp/fm-atlas-gate.UG464v/mock-teardown-word/project remote=/tmp/fm-atlas-gate.UG464v/mock-teardown-word/project.origin.git remote_abs
+ git clone --quiet --bare /tmp/fm-atlas-gate.UG464v/mock-teardown-word/project /tmp/fm-atlas-gate.UG464v/mock-teardown-word/project.origin.git
++ cd /tmp/fm-atlas-gate.UG464v/mock-teardown-word/project.origin.git
++ pwd
+ remote_abs=/tmp/fm-atlas-gate.UG464v/mock-teardown-word/project.origin.git
+ git -C /tmp/fm-atlas-gate.UG464v/mock-teardown-word/project remote add origin file:///tmp/fm-atlas-gate.UG464v/mock-teardown-word/project.origin.git
+ git -C /tmp/fm-atlas-gate.UG464v/mock-teardown-word/project worktree add --quiet -b fm/task-a1 /tmp/fm-atlas-gate.UG464v/mock-teardown-word/wt
+ printf 'the work this leg produced\n'
+ git -C /tmp/fm-atlas-gate.UG464v/mock-teardown-word/wt add feature.txt
+ git -C /tmp/fm-atlas-gate.UG464v/mock-teardown-word/wt commit -qm 'the leg produced this'
+ git -C /tmp/fm-atlas-gate.UG464v/mock-teardown-word/wt push -q origin fm/task-a1
+ fm_write_meta /tmp/fm-atlas-gate.UG464v/mock-teardown-word/state/task-a1.meta window=firstmate:fm-task-a1 endpoint_task_id=task-a1 worktree=/tmp/fm-atlas-gate.UG464v/mock-teardown-word/wt project=/tmp/fm-atlas-gate.UG464v/mock-teardown-word/project kind=ship mode=local-only atlas_ticket=c1
+ local file=/tmp/fm-atlas-gate.UG464v/mock-teardown-word/state/task-a1.meta kv
+ shift
+ :
+ for kv in "$@"
+ printf '%s\n' window=firstmate:fm-task-a1
+ for kv in "$@"
+ printf '%s\n' endpoint_task_id=task-a1
+ for kv in "$@"
+ printf '%s\n' worktree=/tmp/fm-atlas-gate.UG464v/mock-teardown-word/wt
+ for kv in "$@"
+ printf '%s\n' project=/tmp/fm-atlas-gate.UG464v/mock-teardown-word/project
+ for kv in "$@"
+ printf '%s\n' kind=ship
+ for kv in "$@"
+ printf '%s\n' mode=local-only
+ for kv in "$@"
+ printf '%s\n' atlas_ticket=c1
+ printf 'done: merged into the local default branch\n'
+ set +e
+ in_home mock /home/ben/.no-mistakes/worktrees/3665d600861c/01M35Z81603SF5MCV2X9D1FSC2/bin/fm-teardown.sh task-a1 --captain-word 'ship it'
+ rc=0
+ set -e
+ expect_code 0 0 'mock: cleanup with the captain'\''s words must succeed'
+ local expected=0 actual=0 'label=mock: cleanup with the captain'\''s words must succeed'
+ '[' 0 = 0 ']'
++ ticket_field mock /tmp/fm-atlas-gate.UG464v/mock-teardown-word/specs c1 .captain.word
++ atlas_in mock /tmp/fm-atlas-gate.UG464v/mock-teardown-word/specs ticket show c1 --json
++ local store=mock repo=/tmp/fm-atlas-gate.UG464v/mock-teardown-word/specs
++ shift 2
++ HOME=/tmp/fm-atlas-gate.UG464v
++ jq -r '.change.captain.word // empty'
+++ store_bin mock
+++ case "$1" in
+++ printf '%s\n' /tmp/fm-atlas-gate.UG464v/store-mock
++ PATH=/tmp/fm-atlas-gate.UG464v/store-mock:/home/ben/.pi/agent/bin:/home/ben/.npm-global/bin:/home/ben/.local/bin:/home/ben/.npm-global/bin:/home/ben/.local/bin:/run/wrappers/bin:/home/ben/.nix-profile/bin:/nix/profile/bin:/home/ben/.local/state/nix/profile/bin:/etc/profiles/per-user/ben/bin:/nix/var/nix/profiles/default/bin:/run/current-system/sw/bin:/home/ben/go/bin:/home/ben/.cargo/bin:/home/ben/bin:/opt/homebrew/bin:/opt/homebrew/sbin:/usr/local/bin:/usr/local/sbin:/usr/bin:/bin:/usr/sbin:/sbin
++ atlas-axi --repo /tmp/fm-atlas-gate.UG464v/mock-teardown-word/specs ticket show c1 --json
+ '[' 'ship it' = 'ship it' ']'
++ ticket_field mock /tmp/fm-atlas-gate.UG464v/mock-teardown-word/specs c1 .state
++ jq -r '.change.state // empty'
++ atlas_in mock /tmp/fm-atlas-gate.UG464v/mock-teardown-word/specs ticket show c1 --json
++ local store=mock repo=/tmp/fm-atlas-gate.UG464v/mock-teardown-word/specs
++ shift 2
++ HOME=/tmp/fm-atlas-gate.UG464v
+++ store_bin mock
+++ case "$1" in
+++ printf '%s\n' /tmp/fm-atlas-gate.UG464v/store-mock
++ PATH=/tmp/fm-atlas-gate.UG464v/store-mock:/home/ben/.pi/agent/bin:/home/ben/.npm-global/bin:/home/ben/.local/bin:/home/ben/.npm-global/bin:/home/ben/.local/bin:/run/wrappers/bin:/home/ben/.nix-profile/bin:/nix/profile/bin:/home/ben/.local/state/nix/profile/bin:/etc/profiles/per-user/ben/bin:/nix/var/nix/profiles/default/bin:/run/current-system/sw/bin:/home/ben/go/bin:/home/ben/.cargo/bin:/home/ben/bin:/opt/homebrew/bin:/opt/homebrew/sbin:/usr/local/bin:/usr/local/sbin:/usr/bin:/bin:/usr/sbin:/sbin
++ atlas-axi --repo /tmp/fm-atlas-gate.UG464v/mock-teardown-word/specs ticket show c1 --json
+ '[' completed = completed ']'
++ node_field mock /tmp/fm-atlas-gate.UG464v/mock-teardown-word/specs .cond
++ atlas_in mock /tmp/fm-atlas-gate.UG464v/mock-teardown-word/specs show demo/thing --json
++ local store=mock repo=/tmp/fm-atlas-gate.UG464v/mock-teardown-word/specs
++ shift 2
++ HOME=/tmp/fm-atlas-gate.UG464v
++ jq -r '.cond // empty'
+++ store_bin mock
+++ case "$1" in
+++ printf '%s\n' /tmp/fm-atlas-gate.UG464v/store-mock
++ PATH=/tmp/fm-atlas-gate.UG464v/store-mock:/home/ben/.pi/agent/bin:/home/ben/.npm-global/bin:/home/ben/.local/bin:/home/ben/.npm-global/bin:/home/ben/.local/bin:/run/wrappers/bin:/home/ben/.nix-profile/bin:/nix/profile/bin:/home/ben/.local/state/nix/profile/bin:/etc/profiles/per-user/ben/bin:/nix/var/nix/profiles/default/bin:/run/current-system/sw/bin:/home/ben/go/bin:/home/ben/.cargo/bin:/home/ben/bin:/opt/homebrew/bin:/opt/homebrew/sbin:/usr/local/bin:/usr/local/sbin:/usr/bin:/bin:/usr/sbin:/sbin
++ atlas-axi --repo /tmp/fm-atlas-gate.UG464v/mock-teardown-word/specs show demo/thing --json
+ '[' landed = landed ']'
++ gate_lines /tmp/fm-atlas-gate.UG464v/mock-teardown-word/state/task-a1.status
++ grep -F '[key=atlas-gate-c1]' /tmp/fm-atlas-gate.UG464v/mock-teardown-word/state/task-a1.status
++ true
+ '[' -z '' ']'
+ pass 'mock: fm-teardown --captain-word approves, completes, and lands the ticket'
+ printf 'ok - %s\n' 'mock: fm-teardown --captain-word approves, completes, and lands the ticket'
ok - mock: fm-teardown --captain-word approves, completes, and lands the ticket
+ test_empty_captain_word_is_refused mock
+ local store=mock rc out form log_before log_after
+ make_home mock empty-word human none yolo=on
+ local store=mock name=empty-word review=human surface=none seeded
+ shift 4
+ HOME_DIR=/tmp/fm-atlas-gate.UG464v/mock-empty-word
+ REPO=/tmp/fm-atlas-gate.UG464v/mock-empty-word/specs
+ mkdir -p /tmp/fm-atlas-gate.UG464v/mock-empty-word/state /tmp/fm-atlas-gate.UG464v/mock-empty-word/config /tmp/fm-atlas-gate.UG464v/mock-empty-word/data /tmp/fm-atlas-gate.UG464v/mock-empty-word/fakebin /tmp/fm-atlas-gate.UG464v/mock-empty-word/specs
++ seed_store mock /tmp/fm-atlas-gate.UG464v/mock-empty-word/specs human none
++ local store=mock repo=/tmp/fm-atlas-gate.UG464v/mock-empty-word/specs review=human surface=none json
++ case "$store" in
++ mkdir -p /tmp/fm-atlas-gate.UG464v/mock-empty-word/specs/atlas/mock
++ printf '%s\n' '{"id":"n1","path_":"demo/thing","holder":null,"cond":"charted","stage":null}'
++ jq -n --arg r human --arg s none $'{id: "c1", node: "n1", nodePath: "demo/thing",\n        state: "queued", review: $r, captainSurface: $s, testing: null, captain: null,\n        path: ["building", "review", "captain-review", "merge"]}'
+++ atlas_in mock /tmp/fm-atlas-gate.UG464v/mock-empty-word/specs ticket list demo/thing --json
+++ local store=mock repo=/tmp/fm-atlas-gate.UG464v/mock-empty-word/specs
+++ shift 2
+++ HOME=/tmp/fm-atlas-gate.UG464v
++++ store_bin mock
++++ case "$1" in
++++ printf '%s\n' /tmp/fm-atlas-gate.UG464v/store-mock
+++ PATH=/tmp/fm-atlas-gate.UG464v/store-mock:/home/ben/.pi/agent/bin:/home/ben/.npm-global/bin:/home/ben/.local/bin:/home/ben/.npm-global/bin:/home/ben/.local/bin:/run/wrappers/bin:/home/ben/.nix-profile/bin:/nix/profile/bin:/home/ben/.local/state/nix/profile/bin:/etc/profiles/per-user/ben/bin:/nix/var/nix/profiles/default/bin:/run/current-system/sw/bin:/home/ben/go/bin:/home/ben/.cargo/bin:/home/ben/bin:/opt/homebrew/bin:/opt/homebrew/sbin:/usr/local/bin:/usr/local/sbin:/usr/bin:/bin:/usr/sbin:/sbin
+++ atlas-axi --repo /tmp/fm-atlas-gate.UG464v/mock-empty-word/specs ticket list demo/thing --json
++ json=$'[\n  {\n    "id": "c1",\n    "node": "n1",\n    "nodePath": "demo/thing",\n    "state": "queued",\n    "review": "human",\n    "captainSurface": "none",\n    "testing": null,\n    "captain": null,\n    "path": [\n      "building",\n      "review",\n      "captain-review",\n      "merge"\n    ]\n  }\n]'
+++ printf %s $'[\n  {\n    "id": "c1",\n    "node": "n1",\n    "nodePath": "demo/thing",\n    "state": "queued",\n    "review": "human",\n    "captainSurface": "none",\n    "testing": null,\n    "captain": null,\n    "path": [\n      "building",\n      "review",\n      "captain-review",\n      "merge"\n    ]\n  }\n]'
+++ jq -r '.[0].id'
+++ jq -r '.[0].node'
+++ printf %s $'[\n  {\n    "id": "c1",\n    "node": "n1",\n    "nodePath": "demo/thing",\n    "state": "queued",\n    "review": "human",\n    "captainSurface": "none",\n    "testing": null,\n    "captain": null,\n    "path": [\n      "building",\n      "review",\n      "captain-review",\n      "merge"\n    ]\n  }\n]'
++ set -- c1 n1
++ atlas_in mock /tmp/fm-atlas-gate.UG464v/mock-empty-word/specs --by fm-spawn ticket start c1 --to fm-task-a1 --task task-a1
++ printf '%s %s\n' c1 n1
+ seeded='c1 n1'
+ TICKET=c1
+ printf '%s\n' /tmp/fm-atlas-gate.UG464v/mock-empty-word/specs
+ fm_write_meta /tmp/fm-atlas-gate.UG464v/mock-empty-word/state/task-a1.meta window=firstmate:fm-task-a1 worktree=/tmp/fm-atlas-gate.UG464v/mock-empty-word/wt project=/tmp/fm-atlas-gate.UG464v/mock-empty-word/project kind=ship mode=no-mistakes atlas_ticket=c1 yolo=on
+ local file=/tmp/fm-atlas-gate.UG464v/mock-empty-word/state/task-a1.meta kv
+ shift
+ :
+ for kv in "$@"
+ printf '%s\n' window=firstmate:fm-task-a1
+ for kv in "$@"
+ printf '%s\n' worktree=/tmp/fm-atlas-gate.UG464v/mock-empty-word/wt
+ for kv in "$@"
+ printf '%s\n' project=/tmp/fm-atlas-gate.UG464v/mock-empty-word/project
+ for kv in "$@"
+ printf '%s\n' kind=ship
+ for kv in "$@"
+ printf '%s\n' mode=no-mistakes
+ for kv in "$@"
+ printf '%s\n' atlas_ticket=c1
+ for kv in "$@"
+ printf '%s\n' yolo=on
+ for form in positional equals option missing
+ case "$store" in
++ wc -l
+ log_before=2
+ set +e
+ case "$form" in
++ in_home mock /home/ben/.no-mistakes/worktrees/3665d600861c/01M35Z81603SF5MCV2X9D1FSC2/bin/fm-atlas-hook.sh complete task-a1 --captain-word '' --evidence https://example.invalid/pr/empty --summary merged
+ out=$'++ local store=mock\n++ shift\n++ HOME=/tmp/fm-atlas-gate.UG464v\n++ FM_ROOT_OVERRIDE=/home/ben/.no-mistakes/worktrees/3665d600861c/01M35Z81603SF5MCV2X9D1FSC2\n++ FM_HOME=/tmp/fm-atlas-gate.UG464v/mock-empty-word\n++ FM_STATE_OVERRIDE=/tmp/fm-atlas-gate.UG464v/mock-empty-word/state\n++ FM_DATA_OVERRIDE=/tmp/fm-atlas-gate.UG464v/mock-empty-word/data\n++ FM_CONFIG_OVERRIDE=/tmp/fm-atlas-gate.UG464v/mock-empty-word/config\n+++ store_bin mock\n+++ case "$1" in\n+++ printf \'%s\\n\' /tmp/fm-atlas-gate.UG464v/store-mock\n++ PATH=/tmp/fm-atlas-gate.UG464v/mock-empty-word/fakebin:/tmp/fm-atlas-gate.UG464v/store-mock:/home/ben/.pi/agent/bin:/home/ben/.npm-global/bin:/home/ben/.local/bin:/home/ben/.npm-global/bin:/home/ben/.local/bin:/run/wrappers/bin:/home/ben/.nix-profile/bin:/nix/profile/bin:/home/ben/.local/state/nix/profile/bin:/etc/profiles/per-user/ben/bin:/nix/var/nix/profiles/default/bin:/run/current-system/sw/bin:/home/ben/go/bin:/home/ben/.cargo/bin:/home/ben/bin:/opt/homebrew/bin:/opt/homebrew/sbin:/usr/local/bin:/usr/local/sbin:/usr/bin:/bin:/usr/sbin:/sbin\n++ /home/ben/.no-mistakes/worktrees/3665d600861c/01M35Z81603SF5MCV2X9D1FSC2/bin/fm-atlas-hook.sh complete task-a1 --captain-word \'\' --evidence https://example.invalid/pr/empty --summary merged\natlas-hook: complete called with an invalid --captain-word; the map was not updated'
+ rc=0
+ set -e
+ expect_code 0 0 'mock: the best-effort hook must exit 0 for an empty --captain-word'
+ local expected=0 actual=0 'label=mock: the best-effort hook must exit 0 for an empty --captain-word'
+ '[' 0 = 0 ']'
++ printf '%s\n' $'++ local store=mock\n++ shift\n++ HOME=/tmp/fm-atlas-gate.UG464v\n++ FM_ROOT_OVERRIDE=/home/ben/.no-mistakes/worktrees/3665d600861c/01M35Z81603SF5MCV2X9D1FSC2\n++ FM_HOME=/tmp/fm-atlas-gate.UG464v/mock-empty-word\n++ FM_STATE_OVERRIDE=/tmp/fm-atlas-gate.UG464v/mock-empty-word/state\n++ FM_DATA_OVERRIDE=/tmp/fm-atlas-gate.UG464v/mock-empty-word/data\n++ FM_CONFIG_OVERRIDE=/tmp/fm-atlas-gate.UG464v/mock-empty-word/config\n+++ store_bin mock\n+++ case "$1" in\n+++ printf \'%s\\n\' /tmp/fm-atlas-gate.UG464v/store-mock\n++ PATH=/tmp/fm-atlas-gate.UG464v/mock-empty-word/fakebin:/tmp/fm-atlas-gate.UG464v/store-mock:/home/ben/.pi/agent/bin:/home/ben/.npm-global/bin:/home/ben/.local/bin:/home/ben/.npm-global/bin:/home/ben/.local/bin:/run/wrappers/bin:/home/ben/.nix-profile/bin:/nix/profile/bin:/home/ben/.local/state/nix/profile/bin:/etc/profiles/per-user/ben/bin:/nix/var/nix/profiles/default/bin:/run/current-system/sw/bin:/home/ben/go/bin:/home/ben/.cargo/bin:/home/ben/bin:/opt/homebrew/bin:/opt/homebrew/sbin:/usr/local/bin:/usr/local/sbin:/usr/bin:/bin:/usr/sbin:/sbin\n++ /home/ben/.no-mistakes/worktrees/3665d600861c/01M35Z81603SF5MCV2X9D1FSC2/bin/fm-atlas-hook.sh complete task-a1 --captain-word \'\' --evidence https://example.invalid/pr/empty --summary merged\natlas-hook: complete called with an invalid --captain-word; the map was not updated'
++ grep -c '^atlas-hook:'
+ '[' 1 = 1 ']'
+ case "$store" in
++ wc -l
+ log_after=2
+ '[' 2 = 2 ']'
++ ticket_field mock /tmp/fm-atlas-gate.UG464v/mock-empty-word/specs c1 .state
++ jq -r '.change.state // empty'
++ atlas_in mock /tmp/fm-atlas-gate.UG464v/mock-empty-word/specs ticket show c1 --json
++ local store=mock repo=/tmp/fm-atlas-gate.UG464v/mock-empty-word/specs
++ shift 2
++ HOME=/tmp/fm-atlas-gate.UG464v
+++ store_bin mock
+++ case "$1" in
+++ printf '%s\n' /tmp/fm-atlas-gate.UG464v/store-mock
++ PATH=/tmp/fm-atlas-gate.UG464v/store-mock:/home/ben/.pi/agent/bin:/home/ben/.npm-global/bin:/home/ben/.local/bin:/home/ben/.npm-global/bin:/home/ben/.local/bin:/run/wrappers/bin:/home/ben/.nix-profile/bin:/nix/profile/bin:/home/ben/.local/state/nix/profile/bin:/etc/profiles/per-user/ben/bin:/nix/var/nix/profiles/default/bin:/run/current-system/sw/bin:/home/ben/go/bin:/home/ben/.cargo/bin:/home/ben/bin:/opt/homebrew/bin:/opt/homebrew/sbin:/usr/local/bin:/usr/local/sbin:/usr/bin:/bin:/usr/sbin:/sbin
++ atlas-axi --repo /tmp/fm-atlas-gate.UG464v/mock-empty-word/specs ticket show c1 --json
+ '[' started = started ']'
++ node_field mock /tmp/fm-atlas-gate.UG464v/mock-empty-word/specs .holder
++ atlas_in mock /tmp/fm-atlas-gate.UG464v/mock-empty-word/specs show demo/thing --json
++ local store=mock repo=/tmp/fm-atlas-gate.UG464v/mock-empty-word/specs
++ shift 2
++ HOME=/tmp/fm-atlas-gate.UG464v
++ jq -r '.holder // empty'
+++ store_bin mock
+++ case "$1" in
+++ printf '%s\n' /tmp/fm-atlas-gate.UG464v/store-mock
++ PATH=/tmp/fm-atlas-gate.UG464v/store-mock:/home/ben/.pi/agent/bin:/home/ben/.npm-global/bin:/home/ben/.local/bin:/home/ben/.npm-global/bin:/home/ben/.local/bin:/run/wrappers/bin:/home/ben/.nix-profile/bin:/nix/profile/bin:/home/ben/.local/state/nix/profile/bin:/etc/profiles/per-user/ben/bin:/nix/var/nix/profiles/default/bin:/run/current-system/sw/bin:/home/ben/go/bin:/home/ben/.cargo/bin:/home/ben/bin:/opt/homebrew/bin:/opt/homebrew/sbin:/usr/local/bin:/usr/local/sbin:/usr/bin:/bin:/usr/sbin:/sbin
++ atlas-axi --repo /tmp/fm-atlas-gate.UG464v/mock-empty-word/specs show demo/thing --json
+ '[' fm-task-a1 = fm-task-a1 ']'
+ for form in positional equals option missing
+ case "$store" in
++ wc -l
+ log_before=4
+ set +e
+ case "$form" in
++ in_home mock /home/ben/.no-mistakes/worktrees/3665d600861c/01M35Z81603SF5MCV2X9D1FSC2/bin/fm-atlas-hook.sh complete task-a1 --captain-word= --evidence https://example.invalid/pr/empty --summary merged
+ out=$'++ local store=mock\n++ shift\n++ HOME=/tmp/fm-atlas-gate.UG464v\n++ FM_ROOT_OVERRIDE=/home/ben/.no-mistakes/worktrees/3665d600861c/01M35Z81603SF5MCV2X9D1FSC2\n++ FM_HOME=/tmp/fm-atlas-gate.UG464v/mock-empty-word\n++ FM_STATE_OVERRIDE=/tmp/fm-atlas-gate.UG464v/mock-empty-word/state\n++ FM_DATA_OVERRIDE=/tmp/fm-atlas-gate.UG464v/mock-empty-word/data\n++ FM_CONFIG_OVERRIDE=/tmp/fm-atlas-gate.UG464v/mock-empty-word/config\n+++ store_bin mock\n+++ case "$1" in\n+++ printf \'%s\\n\' /tmp/fm-atlas-gate.UG464v/store-mock\n++ PATH=/tmp/fm-atlas-gate.UG464v/mock-empty-word/fakebin:/tmp/fm-atlas-gate.UG464v/store-mock:/home/ben/.pi/agent/bin:/home/ben/.npm-global/bin:/home/ben/.local/bin:/home/ben/.npm-global/bin:/home/ben/.local/bin:/run/wrappers/bin:/home/ben/.nix-profile/bin:/nix/profile/bin:/home/ben/.local/state/nix/profile/bin:/etc/profiles/per-user/ben/bin:/nix/var/nix/profiles/default/bin:/run/current-system/sw/bin:/home/ben/go/bin:/home/ben/.cargo/bin:/home/ben/bin:/opt/homebrew/bin:/opt/homebrew/sbin:/usr/local/bin:/usr/local/sbin:/usr/bin:/bin:/usr/sbin:/sbin\n++ /home/ben/.no-mistakes/worktrees/3665d600861c/01M35Z81603SF5MCV2X9D1FSC2/bin/fm-atlas-hook.sh complete task-a1 --captain-word= --evidence https://example.invalid/pr/empty --summary merged\natlas-hook: complete called with an invalid --captain-word; the map was not updated'
+ rc=0
+ set -e
+ expect_code 0 0 'mock: the best-effort hook must exit 0 for an empty --captain-word'
+ local expected=0 actual=0 'label=mock: the best-effort hook must exit 0 for an empty --captain-word'
+ '[' 0 = 0 ']'
++ printf '%s\n' $'++ local store=mock\n++ shift\n++ HOME=/tmp/fm-atlas-gate.UG464v\n++ FM_ROOT_OVERRIDE=/home/ben/.no-mistakes/worktrees/3665d600861c/01M35Z81603SF5MCV2X9D1FSC2\n++ FM_HOME=/tmp/fm-atlas-gate.UG464v/mock-empty-word\n++ FM_STATE_OVERRIDE=/tmp/fm-atlas-gate.UG464v/mock-empty-word/state\n++ FM_DATA_OVERRIDE=/tmp/fm-atlas-gate.UG464v/mock-empty-word/data\n++ FM_CONFIG_OVERRIDE=/tmp/fm-atlas-gate.UG464v/mock-empty-word/config\n+++ store_bin mock\n+++ case "$1" in\n+++ printf \'%s\\n\' /tmp/fm-atlas-gate.UG464v/store-mock\n++ PATH=/tmp/fm-atlas-gate.UG464v/mock-empty-word/fakebin:/tmp/fm-atlas-gate.UG464v/store-mock:/home/ben/.pi/agent/bin:/home/ben/.npm-global/bin:/home/ben/.local/bin:/home/ben/.npm-global/bin:/home/ben/.local/bin:/run/wrappers/bin:/home/ben/.nix-profile/bin:/nix/profile/bin:/home/ben/.local/state/nix/profile/bin:/etc/profiles/per-user/ben/bin:/nix/var/nix/profiles/default/bin:/run/current-system/sw/bin:/home/ben/go/bin:/home/ben/.cargo/bin:/home/ben/bin:/opt/homebrew/bin:/opt/homebrew/sbin:/usr/local/bin:/usr/local/sbin:/usr/bin:/bin:/usr/sbin:/sbin\n++ /home/ben/.no-mistakes/worktrees/3665d600861c/01M35Z81603SF5MCV2X9D1FSC2/bin/fm-atlas-hook.sh complete task-a1 --captain-word= --evidence https://example.invalid/pr/empty --summary merged\natlas-hook: complete called with an invalid --captain-word; the map was not updated'
++ grep -c '^atlas-hook:'
+ '[' 1 = 1 ']'
+ case "$store" in
++ wc -l
+ log_after=4
+ '[' 4 = 4 ']'
++ ticket_field mock /tmp/fm-atlas-gate.UG464v/mock-empty-word/specs c1 .state
++ atlas_in mock /tmp/fm-atlas-gate.UG464v/mock-empty-word/specs ticket show c1 --json
++ local store=mock repo=/tmp/fm-atlas-gate.UG464v/mock-empty-word/specs
++ shift 2
++ HOME=/tmp/fm-atlas-gate.UG464v
+++ store_bin mock
+++ case "$1" in
+++ printf '%s\n' /tmp/fm-atlas-gate.UG464v/store-mock
++ PATH=/tmp/fm-atlas-gate.UG464v/store-mock:/home/ben/.pi/agent/bin:/home/ben/.npm-global/bin:/home/ben/.local/bin:/home/ben/.npm-global/bin:/home/ben/.local/bin:/run/wrappers/bin:/home/ben/.nix-profile/bin:/nix/profile/bin:/home/ben/.local/state/nix/profile/bin:/etc/profiles/per-user/ben/bin:/nix/var/nix/profiles/default/bin:/run/current-system/sw/bin:/home/ben/go/bin:/home/ben/.cargo/bin:/home/ben/bin:/opt/homebrew/bin:/opt/homebrew/sbin:/usr/local/bin:/usr/local/sbin:/usr/bin:/bin:/usr/sbin:/sbin
++ atlas-axi --repo /tmp/fm-atlas-gate.UG464v/mock-empty-word/specs ticket show c1 --json
++ jq -r '.change.state // empty'
+ '[' started = started ']'
++ node_field mock /tmp/fm-atlas-gate.UG464v/mock-empty-word/specs .holder
++ atlas_in mock /tmp/fm-atlas-gate.UG464v/mock-empty-word/specs show demo/thing --json
++ jq -r '.holder // empty'
++ local store=mock repo=/tmp/fm-atlas-gate.UG464v/mock-empty-word/specs
++ shift 2
++ HOME=/tmp/fm-atlas-gate.UG464v
+++ store_bin mock
+++ case "$1" in
+++ printf '%s\n' /tmp/fm-atlas-gate.UG464v/store-mock
++ PATH=/tmp/fm-atlas-gate.UG464v/store-mock:/home/ben/.pi/agent/bin:/home/ben/.npm-global/bin:/home/ben/.local/bin:/home/ben/.npm-global/bin:/home/ben/.local/bin:/run/wrappers/bin:/home/ben/.nix-profile/bin:/nix/profile/bin:/home/ben/.local/state/nix/profile/bin:/etc/profiles/per-user/ben/bin:/nix/var/nix/profiles/default/bin:/run/current-system/sw/bin:/home/ben/go/bin:/home/ben/.cargo/bin:/home/ben/bin:/opt/homebrew/bin:/opt/homebrew/sbin:/usr/local/bin:/usr/local/sbin:/usr/bin:/bin:/usr/sbin:/sbin
++ atlas-axi --repo /tmp/fm-atlas-gate.UG464v/mock-empty-word/specs show demo/thing --json
+ '[' fm-task-a1 = fm-task-a1 ']'
+ for form in positional equals option missing
+ case "$store" in
++ wc -l
+ log_before=6
+ set +e
+ case "$form" in
++ in_home mock /home/ben/.no-mistakes/worktrees/3665d600861c/01M35Z81603SF5MCV2X9D1FSC2/bin/fm-atlas-hook.sh complete task-a1 --captain-word --actor --evidence https://example.invalid/pr/empty --summary merged
+ out=$'++ local store=mock\n++ shift\n++ HOME=/tmp/fm-atlas-gate.UG464v\n++ FM_ROOT_OVERRIDE=/home/ben/.no-mistakes/worktrees/3665d600861c/01M35Z81603SF5MCV2X9D1FSC2\n++ FM_HOME=/tmp/fm-atlas-gate.UG464v/mock-empty-word\n++ FM_STATE_OVERRIDE=/tmp/fm-atlas-gate.UG464v/mock-empty-word/state\n++ FM_DATA_OVERRIDE=/tmp/fm-atlas-gate.UG464v/mock-empty-word/data\n++ FM_CONFIG_OVERRIDE=/tmp/fm-atlas-gate.UG464v/mock-empty-word/config\n+++ store_bin mock\n+++ case "$1" in\n+++ printf \'%s\\n\' /tmp/fm-atlas-gate.UG464v/store-mock\n++ PATH=/tmp/fm-atlas-gate.UG464v/mock-empty-word/fakebin:/tmp/fm-atlas-gate.UG464v/store-mock:/home/ben/.pi/agent/bin:/home/ben/.npm-global/bin:/home/ben/.local/bin:/home/ben/.npm-global/bin:/home/ben/.local/bin:/run/wrappers/bin:/home/ben/.nix-profile/bin:/nix/profile/bin:/home/ben/.local/state/nix/profile/bin:/etc/profiles/per-user/ben/bin:/nix/var/nix/profiles/default/bin:/run/current-system/sw/bin:/home/ben/go/bin:/home/ben/.cargo/bin:/home/ben/bin:/opt/homebrew/bin:/opt/homebrew/sbin:/usr/local/bin:/usr/local/sbin:/usr/bin:/bin:/usr/sbin:/sbin\n++ /home/ben/.no-mistakes/worktrees/3665d600861c/01M35Z81603SF5MCV2X9D1FSC2/bin/fm-atlas-hook.sh complete task-a1 --captain-word --actor --evidence https://example.invalid/pr/empty --summary merged\natlas-hook: complete called with an invalid --captain-word; the map was not updated'
+ rc=0
+ set -e
+ expect_code 0 0 'mock: the best-effort hook must exit 0 for an empty --captain-word'
+ local expected=0 actual=0 'label=mock: the best-effort hook must exit 0 for an empty --captain-word'
+ '[' 0 = 0 ']'
++ printf '%s\n' $'++ local store=mock\n++ shift\n++ HOME=/tmp/fm-atlas-gate.UG464v\n++ FM_ROOT_OVERRIDE=/home/ben/.no-mistakes/worktrees/3665d600861c/01M35Z81603SF5MCV2X9D1FSC2\n++ FM_HOME=/tmp/fm-atlas-gate.UG464v/mock-empty-word\n++ FM_STATE_OVERRIDE=/tmp/fm-atlas-gate.UG464v/mock-empty-word/state\n++ FM_DATA_OVERRIDE=/tmp/fm-atlas-gate.UG464v/mock-empty-word/data\n++ FM_CONFIG_OVERRIDE=/tmp/fm-atlas-gate.UG464v/mock-empty-word/config\n+++ store_bin mock\n+++ case "$1" in\n+++ printf \'%s\\n\' /tmp/fm-atlas-gate.UG464v/store-mock\n++ PATH=/tmp/fm-atlas-gate.UG464v/mock-empty-word/fakebin:/tmp/fm-atlas-gate.UG464v/store-mock:/home/ben/.pi/agent/bin:/home/ben/.npm-global/bin:/home/ben/.local/bin:/home/ben/.npm-global/bin:/home/ben/.local/bin:/run/wrappers/bin:/home/ben/.nix-profile/bin:/nix/profile/bin:/home/ben/.local/state/nix/profile/bin:/etc/profiles/per-user/ben/bin:/nix/var/nix/profiles/default/bin:/run/current-system/sw/bin:/home/ben/go/bin:/home/ben/.cargo/bin:/home/ben/bin:/opt/homebrew/bin:/opt/homebrew/sbin:/usr/local/bin:/usr/local/sbin:/usr/bin:/bin:/usr/sbin:/sbin\n++ /home/ben/.no-mistakes/worktrees/3665d600861c/01M35Z81603SF5MCV2X9D1FSC2/bin/fm-atlas-hook.sh complete task-a1 --captain-word --actor --evidence https://example.invalid/pr/empty --summary merged\natlas-hook: complete called with an invalid --captain-word; the map was not updated'
++ grep -c '^atlas-hook:'
+ '[' 1 = 1 ']'
+ case "$store" in
++ wc -l
+ log_after=6
+ '[' 6 = 6 ']'
++ ticket_field mock /tmp/fm-atlas-gate.UG464v/mock-empty-word/specs c1 .state
++ jq -r '.change.state // empty'
++ atlas_in mock /tmp/fm-atlas-gate.UG464v/mock-empty-word/specs ticket show c1 --json
++ local store=mock repo=/tmp/fm-atlas-gate.UG464v/mock-empty-word/specs
++ shift 2
++ HOME=/tmp/fm-atlas-gate.UG464v
+++ store_bin mock
+++ case "$1" in
+++ printf '%s\n' /tmp/fm-atlas-gate.UG464v/store-mock
++ PATH=/tmp/fm-atlas-gate.UG464v/store-mock:/home/ben/.pi/agent/bin:/home/ben/.npm-global/bin:/home/ben/.local/bin:/home/ben/.npm-global/bin:/home/ben/.local/bin:/run/wrappers/bin:/home/ben/.nix-profile/bin:/nix/profile/bin:/home/ben/.local/state/nix/profile/bin:/etc/profiles/per-user/ben/bin:/nix/var/nix/profiles/default/bin:/run/current-system/sw/bin:/home/ben/go/bin:/home/ben/.cargo/bin:/home/ben/bin:/opt/homebrew/bin:/opt/homebrew/sbin:/usr/local/bin:/usr/local/sbin:/usr/bin:/bin:/usr/sbin:/sbin
++ atlas-axi --repo /tmp/fm-atlas-gate.UG464v/mock-empty-word/specs ticket show c1 --json
+ '[' started = started ']'
++ node_field mock /tmp/fm-atlas-gate.UG464v/mock-empty-word/specs .holder
++ atlas_in mock /tmp/fm-atlas-gate.UG464v/mock-empty-word/specs show demo/thing --json
++ local store=mock repo=/tmp/fm-atlas-gate.UG464v/mock-empty-word/specs
++ shift 2
++ HOME=/tmp/fm-atlas-gate.UG464v
++ jq -r '.holder // empty'
+++ store_bin mock
+++ case "$1" in
+++ printf '%s\n' /tmp/fm-atlas-gate.UG464v/store-mock
++ PATH=/tmp/fm-atlas-gate.UG464v/store-mock:/home/ben/.pi/agent/bin:/home/ben/.npm-global/bin:/home/ben/.local/bin:/home/ben/.npm-global/bin:/home/ben/.local/bin:/run/wrappers/bin:/home/ben/.nix-profile/bin:/nix/profile/bin:/home/ben/.local/state/nix/profile/bin:/etc/profiles/per-user/ben/bin:/nix/var/nix/profiles/default/bin:/run/current-system/sw/bin:/home/ben/go/bin:/home/ben/.cargo/bin:/home/ben/bin:/opt/homebrew/bin:/opt/homebrew/sbin:/usr/local/bin:/usr/local/sbin:/usr/bin:/bin:/usr/sbin:/sbin
++ atlas-axi --repo /tmp/fm-atlas-gate.UG464v/mock-empty-word/specs show demo/thing --json
+ '[' fm-task-a1 = fm-task-a1 ']'
+ for form in positional equals option missing
+ case "$store" in
++ wc -l
+ log_before=8
+ set +e
+ case "$form" in
++ in_home mock /home/ben/.no-mistakes/worktrees/3665d600861c/01M35Z81603SF5MCV2X9D1FSC2/bin/fm-atlas-hook.sh complete task-a1 --evidence https://example.invalid/pr/empty --summary merged --captain-word
+ out=$'++ local store=mock\n++ shift\n++ HOME=/tmp/fm-atlas-gate.UG464v\n++ FM_ROOT_OVERRIDE=/home/ben/.no-mistakes/worktrees/3665d600861c/01M35Z81603SF5MCV2X9D1FSC2\n++ FM_HOME=/tmp/fm-atlas-gate.UG464v/mock-empty-word\n++ FM_STATE_OVERRIDE=/tmp/fm-atlas-gate.UG464v/mock-empty-word/state\n++ FM_DATA_OVERRIDE=/tmp/fm-atlas-gate.UG464v/mock-empty-word/data\n++ FM_CONFIG_OVERRIDE=/tmp/fm-atlas-gate.UG464v/mock-empty-word/config\n+++ store_bin mock\n+++ case "$1" in\n+++ printf \'%s\\n\' /tmp/fm-atlas-gate.UG464v/store-mock\n++ PATH=/tmp/fm-atlas-gate.UG464v/mock-empty-word/fakebin:/tmp/fm-atlas-gate.UG464v/store-mock:/home/ben/.pi/agent/bin:/home/ben/.npm-global/bin:/home/ben/.local/bin:/home/ben/.npm-global/bin:/home/ben/.local/bin:/run/wrappers/bin:/home/ben/.nix-profile/bin:/nix/profile/bin:/home/ben/.local/state/nix/profile/bin:/etc/profiles/per-user/ben/bin:/nix/var/nix/profiles/default/bin:/run/current-system/sw/bin:/home/ben/go/bin:/home/ben/.cargo/bin:/home/ben/bin:/opt/homebrew/bin:/opt/homebrew/sbin:/usr/local/bin:/usr/local/sbin:/usr/bin:/bin:/usr/sbin:/sbin\n++ /home/ben/.no-mistakes/worktrees/3665d600861c/01M35Z81603SF5MCV2X9D1FSC2/bin/fm-atlas-hook.sh complete task-a1 --evidence https://example.invalid/pr/empty --summary merged --captain-word\natlas-hook: complete called with a valueless --captain-word; the map was not updated'
+ rc=0
+ set -e
+ expect_code 0 0 'mock: the best-effort hook must exit 0 for an empty --captain-word'
+ local expected=0 actual=0 'label=mock: the best-effort hook must exit 0 for an empty --captain-word'
+ '[' 0 = 0 ']'
++ printf '%s\n' $'++ local store=mock\n++ shift\n++ HOME=/tmp/fm-atlas-gate.UG464v\n++ FM_ROOT_OVERRIDE=/home/ben/.no-mistakes/worktrees/3665d600861c/01M35Z81603SF5MCV2X9D1FSC2\n++ FM_HOME=/tmp/fm-atlas-gate.UG464v/mock-empty-word\n++ FM_STATE_OVERRIDE=/tmp/fm-atlas-gate.UG464v/mock-empty-word/state\n++ FM_DATA_OVERRIDE=/tmp/fm-atlas-gate.UG464v/mock-empty-word/data\n++ FM_CONFIG_OVERRIDE=/tmp/fm-atlas-gate.UG464v/mock-empty-word/config\n+++ store_bin mock\n+++ case "$1" in\n+++ printf \'%s\\n\' /tmp/fm-atlas-gate.UG464v/store-mock\n++ PATH=/tmp/fm-atlas-gate.UG464v/mock-empty-word/fakebin:/tmp/fm-atlas-gate.UG464v/store-mock:/home/ben/.pi/agent/bin:/home/ben/.npm-global/bin:/home/ben/.local/bin:/home/ben/.npm-global/bin:/home/ben/.local/bin:/run/wrappers/bin:/home/ben/.nix-profile/bin:/nix/profile/bin:/home/ben/.local/state/nix/profile/bin:/etc/profiles/per-user/ben/bin:/nix/var/nix/profiles/default/bin:/run/current-system/sw/bin:/home/ben/go/bin:/home/ben/.cargo/bin:/home/ben/bin:/opt/homebrew/bin:/opt/homebrew/sbin:/usr/local/bin:/usr/local/sbin:/usr/bin:/bin:/usr/sbin:/sbin\n++ /home/ben/.no-mistakes/worktrees/3665d600861c/01M35Z81603SF5MCV2X9D1FSC2/bin/fm-atlas-hook.sh complete task-a1 --evidence https://example.invalid/pr/empty --summary merged --captain-word\natlas-hook: complete called with a valueless --captain-word; the map was not updated'
++ grep -c '^atlas-hook:'
+ '[' 1 = 1 ']'
+ case "$store" in
++ wc -l
+ log_after=8
+ '[' 8 = 8 ']'
++ ticket_field mock /tmp/fm-atlas-gate.UG464v/mock-empty-word/specs c1 .state
++ jq -r '.change.state // empty'
++ atlas_in mock /tmp/fm-atlas-gate.UG464v/mock-empty-word/specs ticket show c1 --json
++ local store=mock repo=/tmp/fm-atlas-gate.UG464v/mock-empty-word/specs
++ shift 2
++ HOME=/tmp/fm-atlas-gate.UG464v
+++ store_bin mock
+++ case "$1" in
+++ printf '%s\n' /tmp/fm-atlas-gate.UG464v/store-mock
++ PATH=/tmp/fm-atlas-gate.UG464v/store-mock:/home/ben/.pi/agent/bin:/home/ben/.npm-global/bin:/home/ben/.local/bin:/home/ben/.npm-global/bin:/home/ben/.local/bin:/run/wrappers/bin:/home/ben/.nix-profile/bin:/nix/profile/bin:/home/ben/.local/state/nix/profile/bin:/etc/profiles/per-user/ben/bin:/nix/var/nix/profiles/default/bin:/run/current-system/sw/bin:/home/ben/go/bin:/home/ben/.cargo/bin:/home/ben/bin:/opt/homebrew/bin:/opt/homebrew/sbin:/usr/local/bin:/usr/local/sbin:/usr/bin:/bin:/usr/sbin:/sbin
++ atlas-axi --repo /tmp/fm-atlas-gate.UG464v/mock-empty-word/specs ticket show c1 --json
+ '[' started = started ']'
++ node_field mock /tmp/fm-atlas-gate.UG464v/mock-empty-word/specs .holder
++ atlas_in mock /tmp/fm-atlas-gate.UG464v/mock-empty-word/specs show demo/thing --json
++ local store=mock repo=/tmp/fm-atlas-gate.UG464v/mock-empty-word/specs
++ shift 2
++ HOME=/tmp/fm-atlas-gate.UG464v
+++ store_bin mock
++ jq -r '.holder // empty'
+++ case "$1" in
+++ printf '%s\n' /tmp/fm-atlas-gate.UG464v/store-mock
++ PATH=/tmp/fm-atlas-gate.UG464v/store-mock:/home/ben/.pi/agent/bin:/home/ben/.npm-global/bin:/home/ben/.local/bin:/home/ben/.npm-global/bin:/home/ben/.local/bin:/run/wrappers/bin:/home/ben/.nix-profile/bin:/nix/profile/bin:/home/ben/.local/state/nix/profile/bin:/etc/profiles/per-user/ben/bin:/nix/var/nix/profiles/default/bin:/run/current-system/sw/bin:/home/ben/go/bin:/home/ben/.cargo/bin:/home/ben/bin:/opt/homebrew/bin:/opt/homebrew/sbin:/usr/local/bin:/usr/local/sbin:/usr/bin:/bin:/usr/sbin:/sbin
++ atlas-axi --repo /tmp/fm-atlas-gate.UG464v/mock-empty-word/specs show demo/thing --json
+ '[' fm-task-a1 = fm-task-a1 ']'
+ make_fake_forge
+ cat
+ cat
+ chmod +x /tmp/fm-atlas-gate.UG464v/mock-empty-word/fakebin/gh-axi /tmp/fm-atlas-gate.UG464v/mock-empty-word/fakebin/gh
+ :
+ for form in positional equals option missing
+ set +e
+ case "$form" in
+ run_pr_merge mock --captain-word ''
+ rc=2
+ set -e
+ expect_code 2 2 'mock: fm-pr-merge accepted an empty --captain-word=positional'
+ local expected=2 actual=2 'label=mock: fm-pr-merge accepted an empty --captain-word=positional'
+ '[' 2 = 2 ']'
+ '[' '!' -s /tmp/fm-atlas-gate.UG464v/mock-empty-word/gh.log ']'
+ set +e
+ case "$form" in
+ in_home mock /home/ben/.no-mistakes/worktrees/3665d600861c/01M35Z81603SF5MCV2X9D1FSC2/bin/fm-teardown.sh task-a1 --captain-word ''
+ rc=2
+ set -e
+ expect_code 2 2 'mock: fm-teardown accepted an empty --captain-word=positional'
+ local expected=2 actual=2 'label=mock: fm-teardown accepted an empty --captain-word=positional'
+ '[' 2 = 2 ']'
+ assert_present /tmp/fm-atlas-gate.UG464v/mock-empty-word/state/task-a1.meta 'mock: fm-teardown acted on an empty --captain-word'
+ '[' -e /tmp/fm-atlas-gate.UG464v/mock-empty-word/state/task-a1.meta ']'
+ set +e
+ case "$form" in
+ in_home mock /home/ben/.no-mistakes/worktrees/3665d600861c/01M35Z81603SF5MCV2X9D1FSC2/bin/fm-merge-local.sh task-a1 --captain-word ''
+ rc=2
+ set -e
+ expect_code 2 2 'mock: fm-merge-local accepted an empty --captain-word=positional'
+ local expected=2 actual=2 'label=mock: fm-merge-local accepted an empty --captain-word=positional'
+ '[' 2 = 2 ']'
+ for form in positional equals option missing
+ set +e
+ case "$form" in
+ run_pr_merge mock --captain-word=
+ rc=2
+ set -e
+ expect_code 2 2 'mock: fm-pr-merge accepted an empty --captain-word=equals'
+ local expected=2 actual=2 'label=mock: fm-pr-merge accepted an empty --captain-word=equals'
+ '[' 2 = 2 ']'
+ '[' '!' -s /tmp/fm-atlas-gate.UG464v/mock-empty-word/gh.log ']'
+ set +e
+ case "$form" in
+ in_home mock /home/ben/.no-mistakes/worktrees/3665d600861c/01M35Z81603SF5MCV2X9D1FSC2/bin/fm-teardown.sh task-a1 --captain-word=
+ rc=2
+ set -e
+ expect_code 2 2 'mock: fm-teardown accepted an empty --captain-word=equals'
+ local expected=2 actual=2 'label=mock: fm-teardown accepted an empty --captain-word=equals'
+ '[' 2 = 2 ']'
+ assert_present /tmp/fm-atlas-gate.UG464v/mock-empty-word/state/task-a1.meta 'mock: fm-teardown acted on an empty --captain-word'
+ '[' -e /tmp/fm-atlas-gate.UG464v/mock-empty-word/state/task-a1.meta ']'
+ set +e
+ case "$form" in
+ in_home mock /home/ben/.no-mistakes/worktrees/3665d600861c/01M35Z81603SF5MCV2X9D1FSC2/bin/fm-merge-local.sh task-a1 --captain-word=
+ rc=2
+ set -e
+ expect_code 2 2 'mock: fm-merge-local accepted an empty --captain-word=equals'
+ local expected=2 actual=2 'label=mock: fm-merge-local accepted an empty --captain-word=equals'
+ '[' 2 = 2 ']'
+ for form in positional equals option missing
+ set +e
+ case "$form" in
+ run_pr_merge mock --captain-word --captain-authorized
+ rc=2
+ set -e
+ expect_code 2 2 'mock: fm-pr-merge accepted an empty --captain-word=option'
+ local expected=2 actual=2 'label=mock: fm-pr-merge accepted an empty --captain-word=option'
+ '[' 2 = 2 ']'
+ '[' '!' -s /tmp/fm-atlas-gate.UG464v/mock-empty-word/gh.log ']'
+ set +e
+ case "$form" in
+ in_home mock /home/ben/.no-mistakes/worktrees/3665d600861c/01M35Z81603SF5MCV2X9D1FSC2/bin/fm-teardown.sh task-a1 --captain-word --force
+ rc=2
+ set -e
+ expect_code 2 2 'mock: fm-teardown accepted an empty --captain-word=option'
+ local expected=2 actual=2 'label=mock: fm-teardown accepted an empty --captain-word=option'
+ '[' 2 = 2 ']'
+ assert_present /tmp/fm-atlas-gate.UG464v/mock-empty-word/state/task-a1.meta 'mock: fm-teardown acted on an empty --captain-word'
+ '[' -e /tmp/fm-atlas-gate.UG464v/mock-empty-word/state/task-a1.meta ']'
+ set +e
+ case "$form" in
+ in_home mock /home/ben/.no-mistakes/worktrees/3665d600861c/01M35Z81603SF5MCV2X9D1FSC2/bin/fm-merge-local.sh task-a1 --captain-word --captain-authorized
+ rc=2
+ set -e
+ expect_code 2 2 'mock: fm-merge-local accepted an empty --captain-word=option'
+ local expected=2 actual=2 'label=mock: fm-merge-local accepted an empty --captain-word=option'
+ '[' 2 = 2 ']'
+ for form in positional equals option missing
+ set +e
+ case "$form" in
+ run_pr_merge mock --captain-word
+ rc=2
+ set -e
+ expect_code 2 2 'mock: fm-pr-merge accepted an empty --captain-word=missing'
+ local expected=2 actual=2 'label=mock: fm-pr-merge accepted an empty --captain-word=missing'
+ '[' 2 = 2 ']'
+ '[' '!' -s /tmp/fm-atlas-gate.UG464v/mock-empty-word/gh.log ']'
+ set +e
+ case "$form" in
+ in_home mock /home/ben/.no-mistakes/worktrees/3665d600861c/01M35Z81603SF5MCV2X9D1FSC2/bin/fm-teardown.sh task-a1 --captain-word
+ rc=2
+ set -e
+ expect_code 2 2 'mock: fm-teardown accepted an empty --captain-word=missing'
+ local expected=2 actual=2 'label=mock: fm-teardown accepted an empty --captain-word=missing'
+ '[' 2 = 2 ']'
+ assert_present /tmp/fm-atlas-gate.UG464v/mock-empty-word/state/task-a1.meta 'mock: fm-teardown acted on an empty --captain-word'
+ '[' -e /tmp/fm-atlas-gate.UG464v/mock-empty-word/state/task-a1.meta ']'
+ set +e
+ case "$form" in
+ in_home mock /home/ben/.no-mistakes/worktrees/3665d600861c/01M35Z81603SF5MCV2X9D1FSC2/bin/fm-merge-local.sh task-a1 --captain-word
+ rc=2
+ set -e
+ expect_code 2 2 'mock: fm-merge-local accepted an empty --captain-word=missing'
+ local expected=2 actual=2 'label=mock: fm-merge-local accepted an empty --captain-word=missing'
+ '[' 2 = 2 ']'
+ pass 'mock: an empty or missing --captain-word is refused before anything happens'
+ printf 'ok - %s\n' 'mock: an empty or missing --captain-word is refused before anything happens'
ok - mock: an empty or missing --captain-word is refused before anything happens
+ test_captain_word_equals_forms mock
+ local store=mock proj rc
+ make_home mock complete-word-equals human none
+ local store=mock name=complete-word-equals review=human surface=none seeded
+ shift 4
+ HOME_DIR=/tmp/fm-atlas-gate.UG464v/mock-complete-word-equals
+ REPO=/tmp/fm-atlas-gate.UG464v/mock-complete-word-equals/specs
+ mkdir -p /tmp/fm-atlas-gate.UG464v/mock-complete-word-equals/state /tmp/fm-atlas-gate.UG464v/mock-complete-word-equals/config /tmp/fm-atlas-gate.UG464v/mock-complete-word-equals/data /tmp/fm-atlas-gate.UG464v/mock-complete-word-equals/fakebin /tmp/fm-atlas-gate.UG464v/mock-complete-word-equals/specs
++ seed_store mock /tmp/fm-atlas-gate.UG464v/mock-complete-word-equals/specs human none
++ local store=mock repo=/tmp/fm-atlas-gate.UG464v/mock-complete-word-equals/specs review=human surface=none json
++ case "$store" in
++ mkdir -p /tmp/fm-atlas-gate.UG464v/mock-complete-word-equals/specs/atlas/mock
++ printf '%s\n' '{"id":"n1","path_":"demo/thing","holder":null,"cond":"charted","stage":null}'
++ jq -n --arg r human --arg s none $'{id: "c1", node: "n1", nodePath: "demo/thing",\n        state: "queued", review: $r, captainSurface: $s, testing: null, captain: null,\n        path: ["building", "review", "captain-review", "merge"]}'
+++ atlas_in mock /tmp/fm-atlas-gate.UG464v/mock-complete-word-equals/specs ticket list demo/thing --json
+++ local store=mock repo=/tmp/fm-atlas-gate.UG464v/mock-complete-word-equals/specs
+++ shift 2
+++ HOME=/tmp/fm-atlas-gate.UG464v
++++ store_bin mock
++++ case "$1" in
++++ printf '%s\n' /tmp/fm-atlas-gate.UG464v/store-mock
+++ PATH=/tmp/fm-atlas-gate.UG464v/store-mock:/home/ben/.pi/agent/bin:/home/ben/.npm-global/bin:/home/ben/.local/bin:/home/ben/.npm-global/bin:/home/ben/.local/bin:/run/wrappers/bin:/home/ben/.nix-profile/bin:/nix/profile/bin:/home/ben/.local/state/nix/profile/bin:/etc/profiles/per-user/ben/bin:/nix/var/nix/profiles/default/bin:/run/current-system/sw/bin:/home/ben/go/bin:/home/ben/.cargo/bin:/home/ben/bin:/opt/homebrew/bin:/opt/homebrew/sbin:/usr/local/bin:/usr/local/sbin:/usr/bin:/bin:/usr/sbin:/sbin
+++ atlas-axi --repo /tmp/fm-atlas-gate.UG464v/mock-complete-word-equals/specs ticket list demo/thing --json
++ json=$'[\n  {\n    "id": "c1",\n    "node": "n1",\n    "nodePath": "demo/thing",\n    "state": "queued",\n    "review": "human",\n    "captainSurface": "none",\n    "testing": null,\n    "captain": null,\n    "path": [\n      "building",\n      "review",\n      "captain-review",\n      "merge"\n    ]\n  }\n]'
+++ printf %s $'[\n  {\n    "id": "c1",\n    "node": "n1",\n    "nodePath": "demo/thing",\n    "state": "queued",\n    "review": "human",\n    "captainSurface": "none",\n    "testing": null,\n    "captain": null,\n    "path": [\n      "building",\n      "review",\n      "captain-review",\n      "merge"\n    ]\n  }\n]'
+++ jq -r '.[0].id'
+++ printf %s $'[\n  {\n    "id": "c1",\n    "node": "n1",\n    "nodePath": "demo/thing",\n    "state": "queued",\n    "review": "human",\n    "captainSurface": "none",\n    "testing": null,\n    "captain": null,\n    "path": [\n      "building",\n      "review",\n      "captain-review",\n      "merge"\n    ]\n  }\n]'
+++ jq -r '.[0].node'
++ set -- c1 n1
++ atlas_in mock /tmp/fm-atlas-gate.UG464v/mock-complete-word-equals/specs --by fm-spawn ticket start c1 --to fm-task-a1 --task task-a1
++ printf '%s %s\n' c1 n1
+ seeded='c1 n1'
+ TICKET=c1
+ printf '%s\n' /tmp/fm-atlas-gate.UG464v/mock-complete-word-equals/specs
+ fm_write_meta /tmp/fm-atlas-gate.UG464v/mock-complete-word-equals/state/task-a1.meta window=firstmate:fm-task-a1 worktree=/tmp/fm-atlas-gate.UG464v/mock-complete-word-equals/wt project=/tmp/fm-atlas-gate.UG464v/mock-complete-word-equals/project kind=ship mode=no-mistakes atlas_ticket=c1
+ local file=/tmp/fm-atlas-gate.UG464v/mock-complete-word-equals/state/task-a1.meta kv
+ shift
+ :
+ for kv in "$@"
+ printf '%s\n' window=firstmate:fm-task-a1
+ for kv in "$@"
+ printf '%s\n' worktree=/tmp/fm-atlas-gate.UG464v/mock-complete-word-equals/wt
+ for kv in "$@"
+ printf '%s\n' project=/tmp/fm-atlas-gate.UG464v/mock-complete-word-equals/project
+ for kv in "$@"
+ printf '%s\n' kind=ship
+ for kv in "$@"
+ printf '%s\n' mode=no-mistakes
+ for kv in "$@"
+ printf '%s\n' atlas_ticket=c1
+ in_home mock /home/ben/.no-mistakes/worktrees/3665d600861c/01M35Z81603SF5MCV2X9D1FSC2/bin/fm-atlas-hook.sh complete task-a1 --actor fm-pr-merge --restage merge '--captain-word=-yes, merge it' --evidence https://example.invalid/pr/equals --summary merged
++ ticket_field mock /tmp/fm-atlas-gate.UG464v/mock-complete-word-equals/specs c1 .captain.word
++ atlas_in mock /tmp/fm-atlas-gate.UG464v/mock-complete-word-equals/specs ticket show c1 --json
++ local store=mock repo=/tmp/fm-atlas-gate.UG464v/mock-complete-word-equals/specs
++ shift 2
++ HOME=/tmp/fm-atlas-gate.UG464v
++ jq -r '.change.captain.word // empty'
+++ store_bin mock
+++ case "$1" in
+++ printf '%s\n' /tmp/fm-atlas-gate.UG464v/store-mock
++ PATH=/tmp/fm-atlas-gate.UG464v/store-mock:/home/ben/.pi/agent/bin:/home/ben/.npm-global/bin:/home/ben/.local/bin:/home/ben/.npm-global/bin:/home/ben/.local/bin:/run/wrappers/bin:/home/ben/.nix-profile/bin:/nix/profile/bin:/home/ben/.local/state/nix/profile/bin:/etc/profiles/per-user/ben/bin:/nix/var/nix/profiles/default/bin:/run/current-system/sw/bin:/home/ben/go/bin:/home/ben/.cargo/bin:/home/ben/bin:/opt/homebrew/bin:/opt/homebrew/sbin:/usr/local/bin:/usr/local/sbin:/usr/bin:/bin:/usr/sbin:/sbin
++ atlas-axi --repo /tmp/fm-atlas-gate.UG464v/mock-complete-word-equals/specs ticket show c1 --json
+ '[' '-yes, merge it' = '-yes, merge it' ']'
+ make_home mock pr-word-equals human none yolo=off
+ local store=mock name=pr-word-equals review=human surface=none seeded
+ shift 4
+ HOME_DIR=/tmp/fm-atlas-gate.UG464v/mock-pr-word-equals
+ REPO=/tmp/fm-atlas-gate.UG464v/mock-pr-word-equals/specs
+ mkdir -p /tmp/fm-atlas-gate.UG464v/mock-pr-word-equals/state /tmp/fm-atlas-gate.UG464v/mock-pr-word-equals/config /tmp/fm-atlas-gate.UG464v/mock-pr-word-equals/data /tmp/fm-atlas-gate.UG464v/mock-pr-word-equals/fakebin /tmp/fm-atlas-gate.UG464v/mock-pr-word-equals/specs
++ seed_store mock /tmp/fm-atlas-gate.UG464v/mock-pr-word-equals/specs human none
++ local store=mock repo=/tmp/fm-atlas-gate.UG464v/mock-pr-word-equals/specs review=human surface=none json
++ case "$store" in
++ mkdir -p /tmp/fm-atlas-gate.UG464v/mock-pr-word-equals/specs/atlas/mock
++ printf '%s\n' '{"id":"n1","path_":"demo/thing","holder":null,"cond":"charted","stage":null}'
++ jq -n --arg r human --arg s none $'{id: "c1", node: "n1", nodePath: "demo/thing",\n        state: "queued", review: $r, captainSurface: $s, testing: null, captain: null,\n        path: ["building", "review", "captain-review", "merge"]}'
+++ atlas_in mock /tmp/fm-atlas-gate.UG464v/mock-pr-word-equals/specs ticket list demo/thing --json
+++ local store=mock repo=/tmp/fm-atlas-gate.UG464v/mock-pr-word-equals/specs
+++ shift 2
+++ HOME=/tmp/fm-atlas-gate.UG464v
++++ store_bin mock
++++ case "$1" in
++++ printf '%s\n' /tmp/fm-atlas-gate.UG464v/store-mock
+++ PATH=/tmp/fm-atlas-gate.UG464v/store-mock:/home/ben/.pi/agent/bin:/home/ben/.npm-global/bin:/home/ben/.local/bin:/home/ben/.npm-global/bin:/home/ben/.local/bin:/run/wrappers/bin:/home/ben/.nix-profile/bin:/nix/profile/bin:/home/ben/.local/state/nix/profile/bin:/etc/profiles/per-user/ben/bin:/nix/var/nix/profiles/default/bin:/run/current-system/sw/bin:/home/ben/go/bin:/home/ben/.cargo/bin:/home/ben/bin:/opt/homebrew/bin:/opt/homebrew/sbin:/usr/local/bin:/usr/local/sbin:/usr/bin:/bin:/usr/sbin:/sbin
+++ atlas-axi --repo /tmp/fm-atlas-gate.UG464v/mock-pr-word-equals/specs ticket list demo/thing --json
++ json=$'[\n  {\n    "id": "c1",\n    "node": "n1",\n    "nodePath": "demo/thing",\n    "state": "queued",\n    "review": "human",\n    "captainSurface": "none",\n    "testing": null,\n    "captain": null,\n    "path": [\n      "building",\n      "review",\n      "captain-review",\n      "merge"\n    ]\n  }\n]'
+++ printf %s $'[\n  {\n    "id": "c1",\n    "node": "n1",\n    "nodePath": "demo/thing",\n    "state": "queued",\n    "review": "human",\n    "captainSurface": "none",\n    "testing": null,\n    "captain": null,\n    "path": [\n      "building",\n      "review",\n      "captain-review",\n      "merge"\n    ]\n  }\n]'
+++ jq -r '.[0].id'
+++ printf %s $'[\n  {\n    "id": "c1",\n    "node": "n1",\n    "nodePath": "demo/thing",\n    "state": "queued",\n    "review": "human",\n    "captainSurface": "none",\n    "testing": null,\n    "captain": null,\n    "path": [\n      "building",\n      "review",\n      "captain-review",\n      "merge"\n    ]\n  }\n]'
+++ jq -r '.[0].node'
++ set -- c1 n1
++ atlas_in mock /tmp/fm-atlas-gate.UG464v/mock-pr-word-equals/specs --by fm-spawn ticket start c1 --to fm-task-a1 --task task-a1
++ printf '%s %s\n' c1 n1
+ seeded='c1 n1'
+ TICKET=c1
+ printf '%s\n' /tmp/fm-atlas-gate.UG464v/mock-pr-word-equals/specs
+ fm_write_meta /tmp/fm-atlas-gate.UG464v/mock-pr-word-equals/state/task-a1.meta window=firstmate:fm-task-a1 worktree=/tmp/fm-atlas-gate.UG464v/mock-pr-word-equals/wt project=/tmp/fm-atlas-gate.UG464v/mock-pr-word-equals/project kind=ship mode=no-mistakes atlas_ticket=c1 yolo=off
+ local file=/tmp/fm-atlas-gate.UG464v/mock-pr-word-equals/state/task-a1.meta kv
+ shift
+ :
+ for kv in "$@"
+ printf '%s\n' window=firstmate:fm-task-a1
+ for kv in "$@"
+ printf '%s\n' worktree=/tmp/fm-atlas-gate.UG464v/mock-pr-word-equals/wt
+ for kv in "$@"
+ printf '%s\n' project=/tmp/fm-atlas-gate.UG464v/mock-pr-word-equals/project
+ for kv in "$@"
+ printf '%s\n' kind=ship
+ for kv in "$@"
+ printf '%s\n' mode=no-mistakes
+ for kv in "$@"
+ printf '%s\n' atlas_ticket=c1
+ for kv in "$@"
+ printf '%s\n' yolo=off
+ make_fake_forge
+ cat
+ cat
+ chmod +x /tmp/fm-atlas-gate.UG464v/mock-pr-word-equals/fakebin/gh-axi /tmp/fm-atlas-gate.UG464v/mock-pr-word-equals/fakebin/gh
+ :
+ set +e
+ run_pr_merge mock --captain-authorized '--captain-word=-merge it'
+ rc=0
+ set -e
+ expect_code 0 0 'mock: fm-pr-merge did not accept --captain-word=<words>'
+ local expected=0 actual=0 'label=mock: fm-pr-merge did not accept --captain-word=<words>'
+ '[' 0 = 0 ']'
++ ticket_field mock /tmp/fm-atlas-gate.UG464v/mock-pr-word-equals/specs c1 .captain.word
++ atlas_in mock /tmp/fm-atlas-gate.UG464v/mock-pr-word-equals/specs ticket show c1 --json
++ jq -r '.change.captain.word // empty'
++ local store=mock repo=/tmp/fm-atlas-gate.UG464v/mock-pr-word-equals/specs
++ shift 2
++ HOME=/tmp/fm-atlas-gate.UG464v
+++ store_bin mock
+++ case "$1" in
+++ printf '%s\n' /tmp/fm-atlas-gate.UG464v/store-mock
++ PATH=/tmp/fm-atlas-gate.UG464v/store-mock:/home/ben/.pi/agent/bin:/home/ben/.npm-global/bin:/home/ben/.local/bin:/home/ben/.npm-global/bin:/home/ben/.local/bin:/run/wrappers/bin:/home/ben/.nix-profile/bin:/nix/profile/bin:/home/ben/.local/state/nix/profile/bin:/etc/profiles/per-user/ben/bin:/nix/var/nix/profiles/default/bin:/run/current-system/sw/bin:/home/ben/go/bin:/home/ben/.cargo/bin:/home/ben/bin:/opt/homebrew/bin:/opt/homebrew/sbin:/usr/local/bin:/usr/local/sbin:/usr/bin:/bin:/usr/sbin:/sbin
++ atlas-axi --repo /tmp/fm-atlas-gate.UG464v/mock-pr-word-equals/specs ticket show c1 --json
+ '[' '-merge it' = '-merge it' ']'
+ MODE=local-only
+ make_home mock local-word-equals human none yolo=on
+ local store=mock name=local-word-equals review=human surface=none seeded
+ shift 4
+ HOME_DIR=/tmp/fm-atlas-gate.UG464v/mock-local-word-equals
+ REPO=/tmp/fm-atlas-gate.UG464v/mock-local-word-equals/specs
+ mkdir -p /tmp/fm-atlas-gate.UG464v/mock-local-word-equals/state /tmp/fm-atlas-gate.UG464v/mock-local-word-equals/config /tmp/fm-atlas-gate.UG464v/mock-local-word-equals/data /tmp/fm-atlas-gate.UG464v/mock-local-word-equals/fakebin /tmp/fm-atlas-gate.UG464v/mock-local-word-equals/specs
++ seed_store mock /tmp/fm-atlas-gate.UG464v/mock-local-word-equals/specs human none
++ local store=mock repo=/tmp/fm-atlas-gate.UG464v/mock-local-word-equals/specs review=human surface=none json
++ case "$store" in
++ mkdir -p /tmp/fm-atlas-gate.UG464v/mock-local-word-equals/specs/atlas/mock
++ printf '%s\n' '{"id":"n1","path_":"demo/thing","holder":null,"cond":"charted","stage":null}'
++ jq -n --arg r human --arg s none $'{id: "c1", node: "n1", nodePath: "demo/thing",\n        state: "queued", review: $r, captainSurface: $s, testing: null, captain: null,\n        path: ["building", "review", "captain-review", "merge"]}'
+++ atlas_in mock /tmp/fm-atlas-gate.UG464v/mock-local-word-equals/specs ticket list demo/thing --json
+++ local store=mock repo=/tmp/fm-atlas-gate.UG464v/mock-local-word-equals/specs
+++ shift 2
+++ HOME=/tmp/fm-atlas-gate.UG464v
++++ store_bin mock
++++ case "$1" in
++++ printf '%s\n' /tmp/fm-atlas-gate.UG464v/store-mock
+++ PATH=/tmp/fm-atlas-gate.UG464v/store-mock:/home/ben/.pi/agent/bin:/home/ben/.npm-global/bin:/home/ben/.local/bin:/home/ben/.npm-global/bin:/home/ben/.local/bin:/run/wrappers/bin:/home/ben/.nix-profile/bin:/nix/profile/bin:/home/ben/.local/state/nix/profile/bin:/etc/profiles/per-user/ben/bin:/nix/var/nix/profiles/default/bin:/run/current-system/sw/bin:/home/ben/go/bin:/home/ben/.cargo/bin:/home/ben/bin:/opt/homebrew/bin:/opt/homebrew/sbin:/usr/local/bin:/usr/local/sbin:/usr/bin:/bin:/usr/sbin:/sbin
+++ atlas-axi --repo /tmp/fm-atlas-gate.UG464v/mock-local-word-equals/specs ticket list demo/thing --json
++ json=$'[\n  {\n    "id": "c1",\n    "node": "n1",\n    "nodePath": "demo/thing",\n    "state": "queued",\n    "review": "human",\n    "captainSurface": "none",\n    "testing": null,\n    "captain": null,\n    "path": [\n      "building",\n      "review",\n      "captain-review",\n      "merge"\n    ]\n  }\n]'
+++ printf %s $'[\n  {\n    "id": "c1",\n    "node": "n1",\n    "nodePath": "demo/thing",\n    "state": "queued",\n    "review": "human",\n    "captainSurface": "none",\n    "testing": null,\n    "captain": null,\n    "path": [\n      "building",\n      "review",\n      "captain-review",\n      "merge"\n    ]\n  }\n]'
+++ jq -r '.[0].id'
+++ printf %s $'[\n  {\n    "id": "c1",\n    "node": "n1",\n    "nodePath": "demo/thing",\n    "state": "queued",\n    "review": "human",\n    "captainSurface": "none",\n    "testing": null,\n    "captain": null,\n    "path": [\n      "building",\n      "review",\n      "captain-review",\n      "merge"\n    ]\n  }\n]'
+++ jq -r '.[0].node'
++ set -- c1 n1
++ atlas_in mock /tmp/fm-atlas-gate.UG464v/mock-local-word-equals/specs --by fm-spawn ticket start c1 --to fm-task-a1 --task task-a1
++ printf '%s %s\n' c1 n1
+ seeded='c1 n1'
+ TICKET=c1
+ printf '%s\n' /tmp/fm-atlas-gate.UG464v/mock-local-word-equals/specs
+ fm_write_meta /tmp/fm-atlas-gate.UG464v/mock-local-word-equals/state/task-a1.meta window=firstmate:fm-task-a1 worktree=/tmp/fm-atlas-gate.UG464v/mock-local-word-equals/wt project=/tmp/fm-atlas-gate.UG464v/mock-local-word-equals/project kind=ship mode=local-only atlas_ticket=c1 yolo=on
+ local file=/tmp/fm-atlas-gate.UG464v/mock-local-word-equals/state/task-a1.meta kv
+ shift
+ :
+ for kv in "$@"
+ printf '%s\n' window=firstmate:fm-task-a1
+ for kv in "$@"
+ printf '%s\n' worktree=/tmp/fm-atlas-gate.UG464v/mock-local-word-equals/wt
+ for kv in "$@"
+ printf '%s\n' project=/tmp/fm-atlas-gate.UG464v/mock-local-word-equals/project
+ for kv in "$@"
+ printf '%s\n' kind=ship
+ for kv in "$@"
+ printf '%s\n' mode=local-only
+ for kv in "$@"
+ printf '%s\n' atlas_ticket=c1
+ for kv in "$@"
+ printf '%s\n' yolo=on
+ proj=/tmp/fm-atlas-gate.UG464v/mock-local-word-equals/project
+ fm_git_init_commit /tmp/fm-atlas-gate.UG464v/mock-local-word-equals/project
+ local dir=/tmp/fm-atlas-gate.UG464v/mock-local-word-equals/project
+ mkdir -p /tmp/fm-atlas-gate.UG464v/mock-local-word-equals/project
+ git -C /tmp/fm-atlas-gate.UG464v/mock-local-word-equals/project init -q
++ basename /tmp/fm-atlas-gate.UG464v/mock-local-word-equals/project
+ printf '# %s\n' project
+ git -C /tmp/fm-atlas-gate.UG464v/mock-local-word-equals/project add README.md
+ git -C /tmp/fm-atlas-gate.UG464v/mock-local-word-equals/project -c 'user.name=Firstmate Tests' -c user.email=tests@example.invalid commit -qm initial
+ git -C /tmp/fm-atlas-gate.UG464v/mock-local-word-equals/project checkout -q -b fm/task-a1
+ printf 'change\n'
+ git -C /tmp/fm-atlas-gate.UG464v/mock-local-word-equals/project add change.txt
+ git -C /tmp/fm-atlas-gate.UG464v/mock-local-word-equals/project commit -qm change
+ git -C /tmp/fm-atlas-gate.UG464v/mock-local-word-equals/project checkout -q main
+ in_home mock /home/ben/.no-mistakes/worktrees/3665d600861c/01M35Z81603SF5MCV2X9D1FSC2/bin/fm-merge-local.sh task-a1 '--captain-word=-land it'
++ ticket_field mock /tmp/fm-atlas-gate.UG464v/mock-local-word-equals/specs c1 .captain.word
++ atlas_in mock /tmp/fm-atlas-gate.UG464v/mock-local-word-equals/specs ticket show c1 --json
++ local store=mock repo=/tmp/fm-atlas-gate.UG464v/mock-local-word-equals/specs
++ shift 2
++ HOME=/tmp/fm-atlas-gate.UG464v
++ jq -r '.change.captain.word // empty'
+++ store_bin mock
+++ case "$1" in
+++ printf '%s\n' /tmp/fm-atlas-gate.UG464v/store-mock
++ PATH=/tmp/fm-atlas-gate.UG464v/store-mock:/home/ben/.pi/agent/bin:/home/ben/.npm-global/bin:/home/ben/.local/bin:/home/ben/.npm-global/bin:/home/ben/.local/bin:/run/wrappers/bin:/home/ben/.nix-profile/bin:/nix/profile/bin:/home/ben/.local/state/nix/profile/bin:/etc/profiles/per-user/ben/bin:/nix/var/nix/profiles/default/bin:/run/current-system/sw/bin:/home/ben/go/bin:/home/ben/.cargo/bin:/home/ben/bin:/opt/homebrew/bin:/opt/homebrew/sbin:/usr/local/bin:/usr/local/sbin:/usr/bin:/bin:/usr/sbin:/sbin
++ atlas-axi --repo /tmp/fm-atlas-gate.UG464v/mock-local-word-equals/specs ticket show c1 --json
+ '[' '-land it' = '-land it' ']'
+ make_teardown_case mock teardown-word-equals
+ local wt
+ make_home mock teardown-word-equals human none
+ local store=mock name=teardown-word-equals review=human surface=none seeded
+ shift 4
+ HOME_DIR=/tmp/fm-atlas-gate.UG464v/mock-teardown-word-equals
+ REPO=/tmp/fm-atlas-gate.UG464v/mock-teardown-word-equals/specs
+ mkdir -p /tmp/fm-atlas-gate.UG464v/mock-teardown-word-equals/state /tmp/fm-atlas-gate.UG464v/mock-teardown-word-equals/config /tmp/fm-atlas-gate.UG464v/mock-teardown-word-equals/data /tmp/fm-atlas-gate.UG464v/mock-teardown-word-equals/fakebin /tmp/fm-atlas-gate.UG464v/mock-teardown-word-equals/specs
++ seed_store mock /tmp/fm-atlas-gate.UG464v/mock-teardown-word-equals/specs human none
++ local store=mock repo=/tmp/fm-atlas-gate.UG464v/mock-teardown-word-equals/specs review=human surface=none json
++ case "$store" in
++ mkdir -p /tmp/fm-atlas-gate.UG464v/mock-teardown-word-equals/specs/atlas/mock
++ printf '%s\n' '{"id":"n1","path_":"demo/thing","holder":null,"cond":"charted","stage":null}'
++ jq -n --arg r human --arg s none $'{id: "c1", node: "n1", nodePath: "demo/thing",\n        state: "queued", review: $r, captainSurface: $s, testing: null, captain: null,\n        path: ["building", "review", "captain-review", "merge"]}'
+++ atlas_in mock /tmp/fm-atlas-gate.UG464v/mock-teardown-word-equals/specs ticket list demo/thing --json
+++ local store=mock repo=/tmp/fm-atlas-gate.UG464v/mock-teardown-word-equals/specs
+++ shift 2
+++ HOME=/tmp/fm-atlas-gate.UG464v
++++ store_bin mock
++++ case "$1" in
++++ printf '%s\n' /tmp/fm-atlas-gate.UG464v/store-mock
+++ PATH=/tmp/fm-atlas-gate.UG464v/store-mock:/home/ben/.pi/agent/bin:/home/ben/.npm-global/bin:/home/ben/.local/bin:/home/ben/.npm-global/bin:/home/ben/.local/bin:/run/wrappers/bin:/home/ben/.nix-profile/bin:/nix/profile/bin:/home/ben/.local/state/nix/profile/bin:/etc/profiles/per-user/ben/bin:/nix/var/nix/profiles/default/bin:/run/current-system/sw/bin:/home/ben/go/bin:/home/ben/.cargo/bin:/home/ben/bin:/opt/homebrew/bin:/opt/homebrew/sbin:/usr/local/bin:/usr/local/sbin:/usr/bin:/bin:/usr/sbin:/sbin
+++ atlas-axi --repo /tmp/fm-atlas-gate.UG464v/mock-teardown-word-equals/specs ticket list demo/thing --json
++ json=$'[\n  {\n    "id": "c1",\n    "node": "n1",\n    "nodePath": "demo/thing",\n    "state": "queued",\n    "review": "human",\n    "captainSurface": "none",\n    "testing": null,\n    "captain": null,\n    "path": [\n      "building",\n      "review",\n      "captain-review",\n      "merge"\n    ]\n  }\n]'
+++ printf %s $'[\n  {\n    "id": "c1",\n    "node": "n1",\n    "nodePath": "demo/thing",\n    "state": "queued",\n    "review": "human",\n    "captainSurface": "none",\n    "testing": null,\n    "captain": null,\n    "path": [\n      "building",\n      "review",\n      "captain-review",\n      "merge"\n    ]\n  }\n]'
+++ jq -r '.[0].id'
+++ printf %s $'[\n  {\n    "id": "c1",\n    "node": "n1",\n    "nodePath": "demo/thing",\n    "state": "queued",\n    "review": "human",\n    "captainSurface": "none",\n    "testing": null,\n    "captain": null,\n    "path": [\n      "building",\n      "review",\n      "captain-review",\n      "merge"\n    ]\n  }\n]'
+++ jq -r '.[0].node'
++ set -- c1 n1
++ atlas_in mock /tmp/fm-atlas-gate.UG464v/mock-teardown-word-equals/specs --by fm-spawn ticket start c1 --to fm-task-a1 --task task-a1
++ printf '%s %s\n' c1 n1
+ seeded='c1 n1'
+ TICKET=c1
+ printf '%s\n' /tmp/fm-atlas-gate.UG464v/mock-teardown-word-equals/specs
+ fm_write_meta /tmp/fm-atlas-gate.UG464v/mock-teardown-word-equals/state/task-a1.meta window=firstmate:fm-task-a1 worktree=/tmp/fm-atlas-gate.UG464v/mock-teardown-word-equals/wt project=/tmp/fm-atlas-gate.UG464v/mock-teardown-word-equals/project kind=ship mode=no-mistakes atlas_ticket=c1
+ local file=/tmp/fm-atlas-gate.UG464v/mock-teardown-word-equals/state/task-a1.meta kv
+ shift
+ :
+ for kv in "$@"
+ printf '%s\n' window=firstmate:fm-task-a1
+ for kv in "$@"
+ printf '%s\n' worktree=/tmp/fm-atlas-gate.UG464v/mock-teardown-word-equals/wt
+ for kv in "$@"
+ printf '%s\n' project=/tmp/fm-atlas-gate.UG464v/mock-teardown-word-equals/project
+ for kv in "$@"
+ printf '%s\n' kind=ship
+ for kv in "$@"
+ printf '%s\n' mode=no-mistakes
+ for kv in "$@"
+ printf '%s\n' atlas_ticket=c1
+ wt=/tmp/fm-atlas-gate.UG464v/mock-teardown-word-equals/wt
+ fm_fake_exit0 /tmp/fm-atlas-gate.UG464v/mock-teardown-word-equals/fakebin tmux treehouse no-mistakes gh
+ local fakebin=/tmp/fm-atlas-gate.UG464v/mock-teardown-word-equals/fakebin tool
+ shift
+ for tool in "$@"
+ cat
+ chmod +x /tmp/fm-atlas-gate.UG464v/mock-teardown-word-equals/fakebin/tmux
+ for tool in "$@"
+ cat
+ chmod +x /tmp/fm-atlas-gate.UG464v/mock-teardown-word-equals/fakebin/treehouse
+ for tool in "$@"
+ cat
+ chmod +x /tmp/fm-atlas-gate.UG464v/mock-teardown-word-equals/fakebin/no-mistakes
+ for tool in "$@"
+ cat
+ chmod +x /tmp/fm-atlas-gate.UG464v/mock-teardown-word-equals/fakebin/gh
+ fm_git_worktree /tmp/fm-atlas-gate.UG464v/mock-teardown-word-equals/project /tmp/fm-atlas-gate.UG464v/mock-teardown-word-equals/wt fm/task-a1
+ local repo=/tmp/fm-atlas-gate.UG464v/mock-teardown-word-equals/project worktree=/tmp/fm-atlas-gate.UG464v/mock-teardown-word-equals/wt branch=fm/task-a1
+ fm_git_init_commit /tmp/fm-atlas-gate.UG464v/mock-teardown-word-equals/project
+ local dir=/tmp/fm-atlas-gate.UG464v/mock-teardown-word-equals/project
+ mkdir -p /tmp/fm-atlas-gate.UG464v/mock-teardown-word-equals/project
+ git -C /tmp/fm-atlas-gate.UG464v/mock-teardown-word-equals/project init -q
++ basename /tmp/fm-atlas-gate.UG464v/mock-teardown-word-equals/project
+ printf '# %s\n' project
+ git -C /tmp/fm-atlas-gate.UG464v/mock-teardown-word-equals/project add README.md
+ git -C /tmp/fm-atlas-gate.UG464v/mock-teardown-word-equals/project -c 'user.name=Firstmate Tests' -c user.email=tests@example.invalid commit -qm initial
+ fm_git_add_origin /tmp/fm-atlas-gate.UG464v/mock-teardown-word-equals/project /tmp/fm-atlas-gate.UG464v/mock-teardown-word-equals/project.origin.git
+ local repo=/tmp/fm-atlas-gate.UG464v/mock-teardown-word-equals/project remote=/tmp/fm-atlas-gate.UG464v/mock-teardown-word-equals/project.origin.git remote_abs
+ git clone --quiet --bare /tmp/fm-atlas-gate.UG464v/mock-teardown-word-equals/project /tmp/fm-atlas-gate.UG464v/mock-teardown-word-equals/project.origin.git
++ cd /tmp/fm-atlas-gate.UG464v/mock-teardown-word-equals/project.origin.git
++ pwd
+ remote_abs=/tmp/fm-atlas-gate.UG464v/mock-teardown-word-equals/project.origin.git
+ git -C /tmp/fm-atlas-gate.UG464v/mock-teardown-word-equals/project remote add origin file:///tmp/fm-atlas-gate.UG464v/mock-teardown-word-equals/project.origin.git
+ git -C /tmp/fm-atlas-gate.UG464v/mock-teardown-word-equals/project worktree add --quiet -b fm/task-a1 /tmp/fm-atlas-gate.UG464v/mock-teardown-word-equals/wt
+ printf 'the work this leg produced\n'
+ git -C /tmp/fm-atlas-gate.UG464v/mock-teardown-word-equals/wt add feature.txt
+ git -C /tmp/fm-atlas-gate.UG464v/mock-teardown-word-equals/wt commit -qm 'the leg produced this'
+ git -C /tmp/fm-atlas-gate.UG464v/mock-teardown-word-equals/wt push -q origin fm/task-a1
+ fm_write_meta /tmp/fm-atlas-gate.UG464v/mock-teardown-word-equals/state/task-a1.meta window=firstmate:fm-task-a1 endpoint_task_id=task-a1 worktree=/tmp/fm-atlas-gate.UG464v/mock-teardown-word-equals/wt project=/tmp/fm-atlas-gate.UG464v/mock-teardown-word-equals/project kind=ship mode=local-only atlas_ticket=c1
+ local file=/tmp/fm-atlas-gate.UG464v/mock-teardown-word-equals/state/task-a1.meta kv
+ shift
+ :
+ for kv in "$@"
+ printf '%s\n' window=firstmate:fm-task-a1
+ for kv in "$@"
+ printf '%s\n' endpoint_task_id=task-a1
+ for kv in "$@"
+ printf '%s\n' worktree=/tmp/fm-atlas-gate.UG464v/mock-teardown-word-equals/wt
+ for kv in "$@"
+ printf '%s\n' project=/tmp/fm-atlas-gate.UG464v/mock-teardown-word-equals/project
+ for kv in "$@"
+ printf '%s\n' kind=ship
+ for kv in "$@"
+ printf '%s\n' mode=local-only
+ for kv in "$@"
+ printf '%s\n' atlas_ticket=c1
+ printf 'done: merged into the local default branch\n'
+ set +e
+ in_home mock /home/ben/.no-mistakes/worktrees/3665d600861c/01M35Z81603SF5MCV2X9D1FSC2/bin/fm-teardown.sh task-a1 '--captain-word=-ship it'
+ rc=0
+ set -e
+ expect_code 0 0 'mock: fm-teardown did not accept --captain-word=<words>'
+ local expected=0 actual=0 'label=mock: fm-teardown did not accept --captain-word=<words>'
+ '[' 0 = 0 ']'
++ ticket_field mock /tmp/fm-atlas-gate.UG464v/mock-teardown-word-equals/specs c1 .captain.word
++ atlas_in mock /tmp/fm-atlas-gate.UG464v/mock-teardown-word-equals/specs ticket show c1 --json
++ local store=mock repo=/tmp/fm-atlas-gate.UG464v/mock-teardown-word-equals/specs
++ shift 2
++ HOME=/tmp/fm-atlas-gate.UG464v
++ jq -r '.change.captain.word // empty'
+++ store_bin mock
+++ case "$1" in
+++ printf '%s\n' /tmp/fm-atlas-gate.UG464v/store-mock
++ PATH=/tmp/fm-atlas-gate.UG464v/store-mock:/home/ben/.pi/agent/bin:/home/ben/.npm-global/bin:/home/ben/.local/bin:/home/ben/.npm-global/bin:/home/ben/.local/bin:/run/wrappers/bin:/home/ben/.nix-profile/bin:/nix/profile/bin:/home/ben/.local/state/nix/profile/bin:/etc/profiles/per-user/ben/bin:/nix/var/nix/profiles/default/bin:/run/current-system/sw/bin:/home/ben/go/bin:/home/ben/.cargo/bin:/home/ben/bin:/opt/homebrew/bin:/opt/homebrew/sbin:/usr/local/bin:/usr/local/sbin:/usr/bin:/bin:/usr/sbin:/sbin
++ atlas-axi --repo /tmp/fm-atlas-gate.UG464v/mock-teardown-word-equals/specs ticket show c1 --json
+ '[' '-ship it' = '-ship it' ']'
+ pass 'mock: every Atlas entry point accepts a non-empty --captain-word=<words>'
+ printf 'ok - %s\n' 'mock: every Atlas entry point accepts a non-empty --captain-word=<words>'
ok - mock: every Atlas entry point accepts a non-empty --captain-word=<words>
+ for store in $STORES
+ test_complete_refused_for_approval real
+ local store=real out rc
+ make_home real complete-approval human none
+ local store=real name=complete-approval review=human surface=none seeded
+ shift 4
+ HOME_DIR=/tmp/fm-atlas-gate.UG464v/real-complete-approval
+ REPO=/tmp/fm-atlas-gate.UG464v/real-complete-approval/specs
+ mkdir -p /tmp/fm-atlas-gate.UG464v/real-complete-approval/state /tmp/fm-atlas-gate.UG464v/real-complete-approval/config /tmp/fm-atlas-gate.UG464v/real-complete-approval/data /tmp/fm-atlas-gate.UG464v/real-complete-approval/fakebin /tmp/fm-atlas-gate.UG464v/real-complete-approval/specs
++ seed_store real /tmp/fm-atlas-gate.UG464v/real-complete-approval/specs human none
++ local store=real repo=/tmp/fm-atlas-gate.UG464v/real-complete-approval/specs review=human surface=none json
++ case "$store" in
++ fm_git_init_commit /tmp/fm-atlas-gate.UG464v/real-complete-approval/specs
++ local dir=/tmp/fm-atlas-gate.UG464v/real-complete-approval/specs
++ mkdir -p /tmp/fm-atlas-gate.UG464v/real-complete-approval/specs
++ git -C /tmp/fm-atlas-gate.UG464v/real-complete-approval/specs init -q
+++ basename /tmp/fm-atlas-gate.UG464v/real-complete-approval/specs
++ printf '# %s\n' specs
++ git -C /tmp/fm-atlas-gate.UG464v/real-complete-approval/specs add README.md
++ git -C /tmp/fm-atlas-gate.UG464v/real-complete-approval/specs -c 'user.name=Firstmate Tests' -c user.email=tests@example.invalid commit -qm initial
++ atlas_in real /tmp/fm-atlas-gate.UG464v/real-complete-approval/specs create 'Demo project' --name demo --desc 'The region every gate scenario in this test works under.'
++ atlas_in real /tmp/fm-atlas-gate.UG464v/real-complete-approval/specs create 'Gated thing' --under demo --name thing --desc 'The one node whose ticket each scenario closes out.'
++ atlas_in real /tmp/fm-atlas-gate.UG464v/real-complete-approval/specs ticket queue demo/thing 'Close out the gated thing' --story 'as a captain I want gated work closed honestly so that the map stays true' --captain-surface none --review human
+++ atlas_in real /tmp/fm-atlas-gate.UG464v/real-complete-approval/specs ticket list demo/thing --json
+++ local store=real repo=/tmp/fm-atlas-gate.UG464v/real-complete-approval/specs
+++ shift 2
+++ HOME=/tmp/fm-atlas-gate.UG464v
++++ store_bin real
++++ case "$1" in
++++ printf '%s\n' /tmp/fm-atlas-gate.UG464v/store-real
+++ PATH=/tmp/fm-atlas-gate.UG464v/store-real:/home/ben/.pi/agent/bin:/home/ben/.npm-global/bin:/home/ben/.local/bin:/home/ben/.npm-global/bin:/home/ben/.local/bin:/run/wrappers/bin:/home/ben/.nix-profile/bin:/nix/profile/bin:/home/ben/.local/state/nix/profile/bin:/etc/profiles/per-user/ben/bin:/nix/var/nix/profiles/default/bin:/run/current-system/sw/bin:/home/ben/go/bin:/home/ben/.cargo/bin:/home/ben/bin:/opt/homebrew/bin:/opt/homebrew/sbin:/usr/local/bin:/usr/local/sbin:/usr/bin:/bin:/usr/sbin:/sbin
+++ atlas-axi --repo /tmp/fm-atlas-gate.UG464v/real-complete-approval/specs ticket list demo/thing --json
++ json='[{"id":"c1","title":"Close out the gated thing","order":1,"path":["building","review","captain-review","merge"],"merge":"no-mistakes","review":"human","model":null,"captainSurface":"none","finish":null,"state":"queued","by":"cli","queuedAt":"2026-09-23T03:04:16.058Z","updatedAt":"2026-09-23T03:04:16.058Z","startedAt":null,"agent":null,"task":null,"endedAt":null,"evidence":null,"summary":null,"record":[],"aborts":[],"readyMark":null,"why":null,"node":"n2","nodePath":"demo/thing","testing":null,"awaitsCaptain":true,"ready":true,"file":"atlas/changes/n2/c1.md","abs":"/tmp/fm-atlas-gate.UG464v/real-complete-approval/specs/atlas/changes/n2/c1.md","fileExists":true,"diverges":[]}]'
+++ printf %s '[{"id":"c1","title":"Close out the gated thing","order":1,"path":["building","review","captain-review","merge"],"merge":"no-mistakes","review":"human","model":null,"captainSurface":"none","finish":null,"state":"queued","by":"cli","queuedAt":"2026-09-23T03:04:16.058Z","updatedAt":"2026-09-23T03:04:16.058Z","startedAt":null,"agent":null,"task":null,"endedAt":null,"evidence":null,"summary":null,"record":[],"aborts":[],"readyMark":null,"why":null,"node":"n2","nodePath":"demo/thing","testing":null,"awaitsCaptain":true,"ready":true,"file":"atlas/changes/n2/c1.md","abs":"/tmp/fm-atlas-gate.UG464v/real-complete-approval/specs/atlas/changes/n2/c1.md","fileExists":true,"diverges":[]}]'
+++ jq -r '.[0].id'
+++ jq -r '.[0].node'
+++ printf %s '[{"id":"c1","title":"Close out the gated thing","order":1,"path":["building","review","captain-review","merge"],"merge":"no-mistakes","review":"human","model":null,"captainSurface":"none","finish":null,"state":"queued","by":"cli","queuedAt":"2026-09-23T03:04:16.058Z","updatedAt":"2026-09-23T03:04:16.058Z","startedAt":null,"agent":null,"task":null,"endedAt":null,"evidence":null,"summary":null,"record":[],"aborts":[],"readyMark":null,"why":null,"node":"n2","nodePath":"demo/thing","testing":null,"awaitsCaptain":true,"ready":true,"file":"atlas/changes/n2/c1.md","abs":"/tmp/fm-atlas-gate.UG464v/real-complete-approval/specs/atlas/changes/n2/c1.md","fileExists":true,"diverges":[]}]'
++ set -- c1 n2
++ atlas_in real /tmp/fm-atlas-gate.UG464v/real-complete-approval/specs --by fm-spawn ticket start c1 --to fm-task-a1 --task task-a1
++ printf '%s %s\n' c1 n2
+ seeded='c1 n2'
+ TICKET=c1
+ printf '%s\n' /tmp/fm-atlas-gate.UG464v/real-complete-approval/specs
+ fm_write_meta /tmp/fm-atlas-gate.UG464v/real-complete-approval/state/task-a1.meta window=firstmate:fm-task-a1 worktree=/tmp/fm-atlas-gate.UG464v/real-complete-approval/wt project=/tmp/fm-atlas-gate.UG464v/real-complete-approval/project kind=ship mode=no-mistakes atlas_ticket=c1
+ local file=/tmp/fm-atlas-gate.UG464v/real-complete-approval/state/task-a1.meta kv
+ shift
+ :
+ for kv in "$@"
+ printf '%s\n' window=firstmate:fm-task-a1
+ for kv in "$@"
+ printf '%s\n' worktree=/tmp/fm-atlas-gate.UG464v/real-complete-approval/wt
+ for kv in "$@"
+ printf '%s\n' project=/tmp/fm-atlas-gate.UG464v/real-complete-approval/project
+ for kv in "$@"
+ printf '%s\n' kind=ship
+ for kv in "$@"
+ printf '%s\n' mode=no-mistakes
+ for kv in "$@"
+ printf '%s\n' atlas_ticket=c1
+ set +e
++ in_home real /home/ben/.no-mistakes/worktrees/3665d600861c/01M35Z81603SF5MCV2X9D1FSC2/bin/fm-atlas-hook.sh complete task-a1 --actor fm-pr-merge --restage merge --evidence https://example.invalid/pr/1 --summary merged
+ out=$'++ local store=real\n++ shift\n++ HOME=/tmp/fm-atlas-gate.UG464v\n++ FM_ROOT_OVERRIDE=/home/ben/.no-mistakes/worktrees/3665d600861c/01M35Z81603SF5MCV2X9D1FSC2\n++ FM_HOME=/tmp/fm-atlas-gate.UG464v/real-complete-approval\n++ FM_STATE_OVERRIDE=/tmp/fm-atlas-gate.UG464v/real-complete-approval/state\n++ FM_DATA_OVERRIDE=/tmp/fm-atlas-gate.UG464v/real-complete-approval/data\n++ FM_CONFIG_OVERRIDE=/tmp/fm-atlas-gate.UG464v/real-complete-approval/config\n+++ store_bin real\n+++ case "$1" in\n+++ printf \'%s\\n\' /tmp/fm-atlas-gate.UG464v/store-real\n++ PATH=/tmp/fm-atlas-gate.UG464v/real-complete-approval/fakebin:/tmp/fm-atlas-gate.UG464v/store-real:/home/ben/.pi/agent/bin:/home/ben/.npm-global/bin:/home/ben/.local/bin:/home/ben/.npm-global/bin:/home/ben/.local/bin:/run/wrappers/bin:/home/ben/.nix-profile/bin:/nix/profile/bin:/home/ben/.local/state/nix/profile/bin:/etc/profiles/per-user/ben/bin:/nix/var/nix/profiles/default/bin:/run/current-system/sw/bin:/home/ben/go/bin:/home/ben/.cargo/bin:/home/ben/bin:/opt/homebrew/bin:/opt/homebrew/sbin:/usr/local/bin:/usr/local/sbin:/usr/bin:/bin:/usr/sbin:/sbin\n++ /home/ben/.no-mistakes/worktrees/3665d600861c/01M35Z81603SF5MCV2X9D1FSC2/bin/fm-atlas-hook.sh complete task-a1 --actor fm-pr-merge --restage merge --evidence https://example.invalid/pr/1 --summary merged\natlas-hook: complete ticket c1 refused for task-a1 (the captain\'s approval is missing); node n2 released; the status log says so'
+ rc=0
+ set -e
+ expect_code 0 0 'real: a refused complete must still exit 0'
+ local expected=0 actual=0 'label=real: a refused complete must still exit 0'
+ '[' 0 = 0 ']'
+ assert_one_gate_line real /tmp/fm-atlas-gate.UG464v/real-complete-approval/state/task-a1.status 'captain'\''s approval' 'refused complete'
+ local lines count
++ gate_lines /tmp/fm-atlas-gate.UG464v/real-complete-approval/state/task-a1.status
++ grep -F '[key=atlas-gate-c1]' /tmp/fm-atlas-gate.UG464v/real-complete-approval/state/task-a1.status
+ lines='blocked [key=atlas-gate-c1]: the Atlas refused to complete ticket c1 for task task-a1: the captain'\''s approval is missing; node n2 released'
++ grep -c .
++ printf %s 'blocked [key=atlas-gate-c1]: the Atlas refused to complete ticket c1 for task task-a1: the captain'\''s approval is missing; node n2 released'
+ count=1
+ '[' 1 = 1 ']'
+ case "$lines" in
+ assert_contains 'blocked [key=atlas-gate-c1]: the Atlas refused to complete ticket c1 for task task-a1: the captain'\''s approval is missing; node n2 released' c1 'real: refused complete: the gate line does not name the ticket'
+ case "$1" in
+ :
+ assert_contains 'blocked [key=atlas-gate-c1]: the Atlas refused to complete ticket c1 for task task-a1: the captain'\''s approval is missing; node n2 released' 'captain'\''s approval' 'real: refused complete: the gate line does not name the missing gate'
+ case "$1" in
+ :
++ ticket_field real /tmp/fm-atlas-gate.UG464v/real-complete-approval/specs c1 .state
++ atlas_in real /tmp/fm-atlas-gate.UG464v/real-complete-approval/specs ticket show c1 --json
++ local store=real repo=/tmp/fm-atlas-gate.UG464v/real-complete-approval/specs
++ shift 2
++ HOME=/tmp/fm-atlas-gate.UG464v
++ jq -r '.change.state // empty'
+++ store_bin real
+++ case "$1" in
+++ printf '%s\n' /tmp/fm-atlas-gate.UG464v/store-real
++ PATH=/tmp/fm-atlas-gate.UG464v/store-real:/home/ben/.pi/agent/bin:/home/ben/.npm-global/bin:/home/ben/.local/bin:/home/ben/.npm-global/bin:/home/ben/.local/bin:/run/wrappers/bin:/home/ben/.nix-profile/bin:/nix/profile/bin:/home/ben/.local/state/nix/profile/bin:/etc/profiles/per-user/ben/bin:/nix/var/nix/profiles/default/bin:/run/current-system/sw/bin:/home/ben/go/bin:/home/ben/.cargo/bin:/home/ben/bin:/opt/homebrew/bin:/opt/homebrew/sbin:/usr/local/bin:/usr/local/sbin:/usr/bin:/bin:/usr/sbin:/sbin
++ atlas-axi --repo /tmp/fm-atlas-gate.UG464v/real-complete-approval/specs ticket show c1 --json
+ '[' started = started ']'
++ node_field real /tmp/fm-atlas-gate.UG464v/real-complete-approval/specs .holder
++ atlas_in real /tmp/fm-atlas-gate.UG464v/real-complete-approval/specs show demo/thing --json
++ local store=real repo=/tmp/fm-atlas-gate.UG464v/real-complete-approval/specs
++ shift 2
++ HOME=/tmp/fm-atlas-gate.UG464v
++ jq -r '.holder // empty'
+++ store_bin real
+++ case "$1" in
+++ printf '%s\n' /tmp/fm-atlas-gate.UG464v/store-real
++ PATH=/tmp/fm-atlas-gate.UG464v/store-real:/home/ben/.pi/agent/bin:/home/ben/.npm-global/bin:/home/ben/.local/bin:/home/ben/.npm-global/bin:/home/ben/.local/bin:/run/wrappers/bin:/home/ben/.nix-profile/bin:/nix/profile/bin:/home/ben/.local/state/nix/profile/bin:/etc/profiles/per-user/ben/bin:/nix/var/nix/profiles/default/bin:/run/current-system/sw/bin:/home/ben/go/bin:/home/ben/.cargo/bin:/home/ben/bin:/opt/homebrew/bin:/opt/homebrew/sbin:/usr/local/bin:/usr/local/sbin:/usr/bin:/bin:/usr/sbin:/sbin
++ atlas-axi --repo /tmp/fm-atlas-gate.UG464v/real-complete-approval/specs show demo/thing --json
+ '[' -z '' ']'
+ assert_contains $'++ local store=real\n++ shift\n++ HOME=/tmp/fm-atlas-gate.UG464v\n++ FM_ROOT_OVERRIDE=/home/ben/.no-mistakes/worktrees/3665d600861c/01M35Z81603SF5MCV2X9D1FSC2\n++ FM_HOME=/tmp/fm-atlas-gate.UG464v/real-complete-approval\n++ FM_STATE_OVERRIDE=/tmp/fm-atlas-gate.UG464v/real-complete-approval/state\n++ FM_DATA_OVERRIDE=/tmp/fm-atlas-gate.UG464v/real-complete-approval/data\n++ FM_CONFIG_OVERRIDE=/tmp/fm-atlas-gate.UG464v/real-complete-approval/config\n+++ store_bin real\n+++ case "$1" in\n+++ printf \'%s\\n\' /tmp/fm-atlas-gate.UG464v/store-real\n++ PATH=/tmp/fm-atlas-gate.UG464v/real-complete-approval/fakebin:/tmp/fm-atlas-gate.UG464v/store-real:/home/ben/.pi/agent/bin:/home/ben/.npm-global/bin:/home/ben/.local/bin:/home/ben/.npm-global/bin:/home/ben/.local/bin:/run/wrappers/bin:/home/ben/.nix-profile/bin:/nix/profile/bin:/home/ben/.local/state/nix/profile/bin:/etc/profiles/per-user/ben/bin:/nix/var/nix/profiles/default/bin:/run/current-system/sw/bin:/home/ben/go/bin:/home/ben/.cargo/bin:/home/ben/bin:/opt/homebrew/bin:/opt/homebrew/sbin:/usr/local/bin:/usr/local/sbin:/usr/bin:/bin:/usr/sbin:/sbin\n++ /home/ben/.no-mistakes/worktrees/3665d600861c/01M35Z81603SF5MCV2X9D1FSC2/bin/fm-atlas-hook.sh complete task-a1 --actor fm-pr-merge --restage merge --evidence https://example.invalid/pr/1 --summary merged\natlas-hook: complete ticket c1 refused for task-a1 (the captain\'s approval is missing); node n2 released; the status log says so' refused 'real: the refusal must be reported, never passed off as success'
+ case "$1" in
+ :
+ assert_not_contains $'++ local store=real\n++ shift\n++ HOME=/tmp/fm-atlas-gate.UG464v\n++ FM_ROOT_OVERRIDE=/home/ben/.no-mistakes/worktrees/3665d600861c/01M35Z81603SF5MCV2X9D1FSC2\n++ FM_HOME=/tmp/fm-atlas-gate.UG464v/real-complete-approval\n++ FM_STATE_OVERRIDE=/tmp/fm-atlas-gate.UG464v/real-complete-approval/state\n++ FM_DATA_OVERRIDE=/tmp/fm-atlas-gate.UG464v/real-complete-approval/data\n++ FM_CONFIG_OVERRIDE=/tmp/fm-atlas-gate.UG464v/real-complete-approval/config\n+++ store_bin real\n+++ case "$1" in\n+++ printf \'%s\\n\' /tmp/fm-atlas-gate.UG464v/store-real\n++ PATH=/tmp/fm-atlas-gate.UG464v/real-complete-approval/fakebin:/tmp/fm-atlas-gate.UG464v/store-real:/home/ben/.pi/agent/bin:/home/ben/.npm-global/bin:/home/ben/.local/bin:/home/ben/.npm-global/bin:/home/ben/.local/bin:/run/wrappers/bin:/home/ben/.nix-profile/bin:/nix/profile/bin:/home/ben/.local/state/nix/profile/bin:/etc/profiles/per-user/ben/bin:/nix/var/nix/profiles/default/bin:/run/current-system/sw/bin:/home/ben/go/bin:/home/ben/.cargo/bin:/home/ben/bin:/opt/homebrew/bin:/opt/homebrew/sbin:/usr/local/bin:/usr/local/sbin:/usr/bin:/bin:/usr/sbin:/sbin\n++ /home/ben/.no-mistakes/worktrees/3665d600861c/01M35Z81603SF5MCV2X9D1FSC2/bin/fm-atlas-hook.sh complete task-a1 --actor fm-pr-merge --restage merge --evidence https://example.invalid/pr/1 --summary merged\natlas-hook: complete ticket c1 refused for task-a1 (the captain\'s approval is missing); node n2 released; the status log says so' completed 'real: a refused complete was reported as completed'
+ case "$1" in
+ :
+ pass 'real: a complete the captain gate refuses releases the node and leaves one keyed status line'
+ printf 'ok - %s\n' 'real: a complete the captain gate refuses releases the node and leaves one keyed status line'
ok - real: a complete the captain gate refuses releases the node and leaves one keyed status line
+ test_complete_refused_for_testing_brief real
+ local store=real
+ make_home real complete-brief adversarial 'the demo page'
+ local store=real name=complete-brief review=adversarial 'surface=the demo page' seeded
+ shift 4
+ HOME_DIR=/tmp/fm-atlas-gate.UG464v/real-complete-brief
+ REPO=/tmp/fm-atlas-gate.UG464v/real-complete-brief/specs
+ mkdir -p /tmp/fm-atlas-gate.UG464v/real-complete-brief/state /tmp/fm-atlas-gate.UG464v/real-complete-brief/config /tmp/fm-atlas-gate.UG464v/real-complete-brief/data /tmp/fm-atlas-gate.UG464v/real-complete-brief/fakebin /tmp/fm-atlas-gate.UG464v/real-complete-brief/specs
++ seed_store real /tmp/fm-atlas-gate.UG464v/real-complete-brief/specs adversarial 'the demo page'
++ local store=real repo=/tmp/fm-atlas-gate.UG464v/real-complete-brief/specs review=adversarial 'surface=the demo page' json
++ case "$store" in
++ fm_git_init_commit /tmp/fm-atlas-gate.UG464v/real-complete-brief/specs
++ local dir=/tmp/fm-atlas-gate.UG464v/real-complete-brief/specs
++ mkdir -p /tmp/fm-atlas-gate.UG464v/real-complete-brief/specs
++ git -C /tmp/fm-atlas-gate.UG464v/real-complete-brief/specs init -q
+++ basename /tmp/fm-atlas-gate.UG464v/real-complete-brief/specs
++ printf '# %s\n' specs
++ git -C /tmp/fm-atlas-gate.UG464v/real-complete-brief/specs add README.md
++ git -C /tmp/fm-atlas-gate.UG464v/real-complete-brief/specs -c 'user.name=Firstmate Tests' -c user.email=tests@example.invalid commit -qm initial
++ atlas_in real /tmp/fm-atlas-gate.UG464v/real-complete-brief/specs create 'Demo project' --name demo --desc 'The region every gate scenario in this test works under.'
++ atlas_in real /tmp/fm-atlas-gate.UG464v/real-complete-brief/specs create 'Gated thing' --under demo --name thing --desc 'The one node whose ticket each scenario closes out.'
++ atlas_in real /tmp/fm-atlas-gate.UG464v/real-complete-brief/specs ticket queue demo/thing 'Close out the gated thing' --story 'as a captain I want gated work closed honestly so that the map stays true' --captain-surface 'the demo page' --review adversarial
+++ atlas_in real /tmp/fm-atlas-gate.UG464v/real-complete-brief/specs ticket list demo/thing --json
+++ local store=real repo=/tmp/fm-atlas-gate.UG464v/real-complete-brief/specs
+++ shift 2
+++ HOME=/tmp/fm-atlas-gate.UG464v
++++ store_bin real
++++ case "$1" in
++++ printf '%s\n' /tmp/fm-atlas-gate.UG464v/store-real
+++ PATH=/tmp/fm-atlas-gate.UG464v/store-real:/home/ben/.pi/agent/bin:/home/ben/.npm-global/bin:/home/ben/.local/bin:/home/ben/.npm-global/bin:/home/ben/.local/bin:/run/wrappers/bin:/home/ben/.nix-profile/bin:/nix/profile/bin:/home/ben/.local/state/nix/profile/bin:/etc/profiles/per-user/ben/bin:/nix/var/nix/profiles/default/bin:/run/current-system/sw/bin:/home/ben/go/bin:/home/ben/.cargo/bin:/home/ben/bin:/opt/homebrew/bin:/opt/homebrew/sbin:/usr/local/bin:/usr/local/sbin:/usr/bin:/bin:/usr/sbin:/sbin
+++ atlas-axi --repo /tmp/fm-atlas-gate.UG464v/real-complete-brief/specs ticket list demo/thing --json
++ json='[{"id":"c1","title":"Close out the gated thing","order":1,"path":["building","review","captain-review","merge"],"merge":"no-mistakes","review":"adversarial","model":null,"captainSurface":"the demo page","finish":null,"state":"queued","by":"cli","queuedAt":"2026-09-23T03:04:20.389Z","updatedAt":"2026-09-23T03:04:20.389Z","startedAt":null,"agent":null,"task":null,"endedAt":null,"evidence":null,"summary":null,"record":[],"aborts":[],"readyMark":null,"why":null,"node":"n2","nodePath":"demo/thing","testing":null,"awaitsCaptain":false,"ready":true,"file":"atlas/changes/n2/c1.md","abs":"/tmp/fm-atlas-gate.UG464v/real-complete-brief/specs/atlas/changes/n2/c1.md","fileExists":true,"diverges":[]}]'
+++ printf %s '[{"id":"c1","title":"Close out the gated thing","order":1,"path":["building","review","captain-review","merge"],"merge":"no-mistakes","review":"adversarial","model":null,"captainSurface":"the demo page","finish":null,"state":"queued","by":"cli","queuedAt":"2026-09-23T03:04:20.389Z","updatedAt":"2026-09-23T03:04:20.389Z","startedAt":null,"agent":null,"task":null,"endedAt":null,"evidence":null,"summary":null,"record":[],"aborts":[],"readyMark":null,"why":null,"node":"n2","nodePath":"demo/thing","testing":null,"awaitsCaptain":false,"ready":true,"file":"atlas/changes/n2/c1.md","abs":"/tmp/fm-atlas-gate.UG464v/real-complete-brief/specs/atlas/changes/n2/c1.md","fileExists":true,"diverges":[]}]'
+++ jq -r '.[0].id'
+++ printf %s '[{"id":"c1","title":"Close out the gated thing","order":1,"path":["building","review","captain-review","merge"],"merge":"no-mistakes","review":"adversarial","model":null,"captainSurface":"the demo page","finish":null,"state":"queued","by":"cli","queuedAt":"2026-09-23T03:04:20.389Z","updatedAt":"2026-09-23T03:04:20.389Z","startedAt":null,"agent":null,"task":null,"endedAt":null,"evidence":null,"summary":null,"record":[],"aborts":[],"readyMark":null,"why":null,"node":"n2","nodePath":"demo/thing","testing":null,"awaitsCaptain":false,"ready":true,"file":"atlas/changes/n2/c1.md","abs":"/tmp/fm-atlas-gate.UG464v/real-complete-brief/specs/atlas/changes/n2/c1.md","fileExists":true,"diverges":[]}]'
+++ jq -r '.[0].node'
++ set -- c1 n2
++ atlas_in real /tmp/fm-atlas-gate.UG464v/real-complete-brief/specs --by fm-spawn ticket start c1 --to fm-task-a1 --task task-a1
++ printf '%s %s\n' c1 n2
+ seeded='c1 n2'
+ TICKET=c1
+ printf '%s\n' /tmp/fm-atlas-gate.UG464v/real-complete-brief/specs
+ fm_write_meta /tmp/fm-atlas-gate.UG464v/real-complete-brief/state/task-a1.meta window=firstmate:fm-task-a1 worktree=/tmp/fm-atlas-gate.UG464v/real-complete-brief/wt project=/tmp/fm-atlas-gate.UG464v/real-complete-brief/project kind=ship mode=no-mistakes atlas_ticket=c1
+ local file=/tmp/fm-atlas-gate.UG464v/real-complete-brief/state/task-a1.meta kv
+ shift
+ :
+ for kv in "$@"
+ printf '%s\n' window=firstmate:fm-task-a1
+ for kv in "$@"
+ printf '%s\n' worktree=/tmp/fm-atlas-gate.UG464v/real-complete-brief/wt
+ for kv in "$@"
+ printf '%s\n' project=/tmp/fm-atlas-gate.UG464v/real-complete-brief/project
+ for kv in "$@"
+ printf '%s\n' kind=ship
+ for kv in "$@"
+ printf '%s\n' mode=no-mistakes
+ for kv in "$@"
+ printf '%s\n' atlas_ticket=c1
+ in_home real /home/ben/.no-mistakes/worktrees/3665d600861c/01M35Z81603SF5MCV2X9D1FSC2/bin/fm-atlas-hook.sh complete task-a1 --actor fm-pr-merge --evidence https://example.invalid/pr/2 --summary merged
+ assert_one_gate_line real /tmp/fm-atlas-gate.UG464v/real-complete-brief/state/task-a1.status 'testing brief' 'missing brief'
+ local lines count
++ gate_lines /tmp/fm-atlas-gate.UG464v/real-complete-brief/state/task-a1.status
++ grep -F '[key=atlas-gate-c1]' /tmp/fm-atlas-gate.UG464v/real-complete-brief/state/task-a1.status
+ lines='blocked [key=atlas-gate-c1]: the Atlas refused to complete ticket c1 for task task-a1: the testing brief is missing; node n2 released'
++ printf %s 'blocked [key=atlas-gate-c1]: the Atlas refused to complete ticket c1 for task task-a1: the testing brief is missing; node n2 released'
++ grep -c .
+ count=1
+ '[' 1 = 1 ']'
+ case "$lines" in
+ assert_contains 'blocked [key=atlas-gate-c1]: the Atlas refused to complete ticket c1 for task task-a1: the testing brief is missing; node n2 released' c1 'real: missing brief: the gate line does not name the ticket'
+ case "$1" in
+ :
+ assert_contains 'blocked [key=atlas-gate-c1]: the Atlas refused to complete ticket c1 for task task-a1: the testing brief is missing; node n2 released' 'testing brief' 'real: missing brief: the gate line does not name the missing gate'
+ case "$1" in
+ :
++ node_field real /tmp/fm-atlas-gate.UG464v/real-complete-brief/specs .holder
++ atlas_in real /tmp/fm-atlas-gate.UG464v/real-complete-brief/specs show demo/thing --json
++ local store=real repo=/tmp/fm-atlas-gate.UG464v/real-complete-brief/specs
++ shift 2
++ HOME=/tmp/fm-atlas-gate.UG464v
++ jq -r '.holder // empty'
+++ store_bin real
+++ case "$1" in
+++ printf '%s\n' /tmp/fm-atlas-gate.UG464v/store-real
++ PATH=/tmp/fm-atlas-gate.UG464v/store-real:/home/ben/.pi/agent/bin:/home/ben/.npm-global/bin:/home/ben/.local/bin:/home/ben/.npm-global/bin:/home/ben/.local/bin:/run/wrappers/bin:/home/ben/.nix-profile/bin:/nix/profile/bin:/home/ben/.local/state/nix/profile/bin:/etc/profiles/per-user/ben/bin:/nix/var/nix/profiles/default/bin:/run/current-system/sw/bin:/home/ben/go/bin:/home/ben/.cargo/bin:/home/ben/bin:/opt/homebrew/bin:/opt/homebrew/sbin:/usr/local/bin:/usr/local/sbin:/usr/bin:/bin:/usr/sbin:/sbin
++ atlas-axi --repo /tmp/fm-atlas-gate.UG464v/real-complete-brief/specs show demo/thing --json
+ '[' -z '' ']'
+ pass 'real: a complete refused for a missing testing brief names that gate'
+ printf 'ok - %s\n' 'real: a complete refused for a missing testing brief names that gate'
ok - real: a complete refused for a missing testing brief names that gate
+ test_complete_with_captain_word real
+ local store=real
+ make_home real complete-word human none
+ local store=real name=complete-word review=human surface=none seeded
+ shift 4
+ HOME_DIR=/tmp/fm-atlas-gate.UG464v/real-complete-word
+ REPO=/tmp/fm-atlas-gate.UG464v/real-complete-word/specs
+ mkdir -p /tmp/fm-atlas-gate.UG464v/real-complete-word/state /tmp/fm-atlas-gate.UG464v/real-complete-word/config /tmp/fm-atlas-gate.UG464v/real-complete-word/data /tmp/fm-atlas-gate.UG464v/real-complete-word/fakebin /tmp/fm-atlas-gate.UG464v/real-complete-word/specs
++ seed_store real /tmp/fm-atlas-gate.UG464v/real-complete-word/specs human none
++ local store=real repo=/tmp/fm-atlas-gate.UG464v/real-complete-word/specs review=human surface=none json
++ case "$store" in
++ fm_git_init_commit /tmp/fm-atlas-gate.UG464v/real-complete-word/specs
++ local dir=/tmp/fm-atlas-gate.UG464v/real-complete-word/specs
++ mkdir -p /tmp/fm-atlas-gate.UG464v/real-complete-word/specs
++ git -C /tmp/fm-atlas-gate.UG464v/real-complete-word/specs init -q
+++ basename /tmp/fm-atlas-gate.UG464v/real-complete-word/specs
++ printf '# %s\n' specs
++ git -C /tmp/fm-atlas-gate.UG464v/real-complete-word/specs add README.md
++ git -C /tmp/fm-atlas-gate.UG464v/real-complete-word/specs -c 'user.name=Firstmate Tests' -c user.email=tests@example.invalid commit -qm initial
++ atlas_in real /tmp/fm-atlas-gate.UG464v/real-complete-word/specs create 'Demo project' --name demo --desc 'The region every gate scenario in this test works under.'
++ atlas_in real /tmp/fm-atlas-gate.UG464v/real-complete-word/specs create 'Gated thing' --under demo --name thing --desc 'The one node whose ticket each scenario closes out.'
++ atlas_in real /tmp/fm-atlas-gate.UG464v/real-complete-word/specs ticket queue demo/thing 'Close out the gated thing' --story 'as a captain I want gated work closed honestly so that the map stays true' --captain-surface none --review human
+++ atlas_in real /tmp/fm-atlas-gate.UG464v/real-complete-word/specs ticket list demo/thing --json
+++ local store=real repo=/tmp/fm-atlas-gate.UG464v/real-complete-word/specs
+++ shift 2
+++ HOME=/tmp/fm-atlas-gate.UG464v
++++ store_bin real
++++ case "$1" in
++++ printf '%s\n' /tmp/fm-atlas-gate.UG464v/store-real
+++ PATH=/tmp/fm-atlas-gate.UG464v/store-real:/home/ben/.pi/agent/bin:/home/ben/.npm-global/bin:/home/ben/.local/bin:/home/ben/.npm-global/bin:/home/ben/.local/bin:/run/wrappers/bin:/home/ben/.nix-profile/bin:/nix/profile/bin:/home/ben/.local/state/nix/profile/bin:/etc/profiles/per-user/ben/bin:/nix/var/nix/profiles/default/bin:/run/current-system/sw/bin:/home/ben/go/bin:/home/ben/.cargo/bin:/home/ben/bin:/opt/homebrew/bin:/opt/homebrew/sbin:/usr/local/bin:/usr/local/sbin:/usr/bin:/bin:/usr/sbin:/sbin
+++ atlas-axi --repo /tmp/fm-atlas-gate.UG464v/real-complete-word/specs ticket list demo/thing --json
++ json='[{"id":"c1","title":"Close out the gated thing","order":1,"path":["building","review","captain-review","merge"],"merge":"no-mistakes","review":"human","model":null,"captainSurface":"none","finish":null,"state":"queued","by":"cli","queuedAt":"2026-09-23T03:04:23.874Z","updatedAt":"2026-09-23T03:04:23.874Z","startedAt":null,"agent":null,"task":null,"endedAt":null,"evidence":null,"summary":null,"record":[],"aborts":[],"readyMark":null,"why":null,"node":"n2","nodePath":"demo/thing","testing":null,"awaitsCaptain":true,"ready":true,"file":"atlas/changes/n2/c1.md","abs":"/tmp/fm-atlas-gate.UG464v/real-complete-word/specs/atlas/changes/n2/c1.md","fileExists":true,"diverges":[]}]'
+++ printf %s '[{"id":"c1","title":"Close out the gated thing","order":1,"path":["building","review","captain-review","merge"],"merge":"no-mistakes","review":"human","model":null,"captainSurface":"none","finish":null,"state":"queued","by":"cli","queuedAt":"2026-09-23T03:04:23.874Z","updatedAt":"2026-09-23T03:04:23.874Z","startedAt":null,"agent":null,"task":null,"endedAt":null,"evidence":null,"summary":null,"record":[],"aborts":[],"readyMark":null,"why":null,"node":"n2","nodePath":"demo/thing","testing":null,"awaitsCaptain":true,"ready":true,"file":"atlas/changes/n2/c1.md","abs":"/tmp/fm-atlas-gate.UG464v/real-complete-word/specs/atlas/changes/n2/c1.md","fileExists":true,"diverges":[]}]'
+++ jq -r '.[0].id'
+++ printf %s '[{"id":"c1","title":"Close out the gated thing","order":1,"path":["building","review","captain-review","merge"],"merge":"no-mistakes","review":"human","model":null,"captainSurface":"none","finish":null,"state":"queued","by":"cli","queuedAt":"2026-09-23T03:04:23.874Z","updatedAt":"2026-09-23T03:04:23.874Z","startedAt":null,"agent":null,"task":null,"endedAt":null,"evidence":null,"summary":null,"record":[],"aborts":[],"readyMark":null,"why":null,"node":"n2","nodePath":"demo/thing","testing":null,"awaitsCaptain":true,"ready":true,"file":"atlas/changes/n2/c1.md","abs":"/tmp/fm-atlas-gate.UG464v/real-complete-word/specs/atlas/changes/n2/c1.md","fileExists":true,"diverges":[]}]'
+++ jq -r '.[0].node'
++ set -- c1 n2
++ atlas_in real /tmp/fm-atlas-gate.UG464v/real-complete-word/specs --by fm-spawn ticket start c1 --to fm-task-a1 --task task-a1
++ printf '%s %s\n' c1 n2
+ seeded='c1 n2'
+ TICKET=c1
+ printf '%s\n' /tmp/fm-atlas-gate.UG464v/real-complete-word/specs
+ fm_write_meta /tmp/fm-atlas-gate.UG464v/real-complete-word/state/task-a1.meta window=firstmate:fm-task-a1 worktree=/tmp/fm-atlas-gate.UG464v/real-complete-word/wt project=/tmp/fm-atlas-gate.UG464v/real-complete-word/project kind=ship mode=no-mistakes atlas_ticket=c1
+ local file=/tmp/fm-atlas-gate.UG464v/real-complete-word/state/task-a1.meta kv
+ shift
+ :
+ for kv in "$@"
+ printf '%s\n' window=firstmate:fm-task-a1
+ for kv in "$@"
+ printf '%s\n' worktree=/tmp/fm-atlas-gate.UG464v/real-complete-word/wt
+ for kv in "$@"
+ printf '%s\n' project=/tmp/fm-atlas-gate.UG464v/real-complete-word/project
+ for kv in "$@"
+ printf '%s\n' kind=ship
+ for kv in "$@"
+ printf '%s\n' mode=no-mistakes
+ for kv in "$@"
+ printf '%s\n' atlas_ticket=c1
+ in_home real /home/ben/.no-mistakes/worktrees/3665d600861c/01M35Z81603SF5MCV2X9D1FSC2/bin/fm-atlas-hook.sh complete task-a1 --actor fm-pr-merge --restage merge --captain-word 'yes, merge it' --evidence https://example.invalid/pr/3 --summary merged
++ ticket_field real /tmp/fm-atlas-gate.UG464v/real-complete-word/specs c1 .captain.verdict
++ atlas_in real /tmp/fm-atlas-gate.UG464v/real-complete-word/specs ticket show c1 --json
++ local store=real repo=/tmp/fm-atlas-gate.UG464v/real-complete-word/specs
++ shift 2
++ HOME=/tmp/fm-atlas-gate.UG464v
+++ store_bin real
+++ case "$1" in
+++ printf '%s\n' /tmp/fm-atlas-gate.UG464v/store-real
++ jq -r '.change.captain.verdict // empty'
++ PATH=/tmp/fm-atlas-gate.UG464v/store-real:/home/ben/.pi/agent/bin:/home/ben/.npm-global/bin:/home/ben/.local/bin:/home/ben/.npm-global/bin:/home/ben/.local/bin:/run/wrappers/bin:/home/ben/.nix-profile/bin:/nix/profile/bin:/home/ben/.local/state/nix/profile/bin:/etc/profiles/per-user/ben/bin:/nix/var/nix/profiles/default/bin:/run/current-system/sw/bin:/home/ben/go/bin:/home/ben/.cargo/bin:/home/ben/bin:/opt/homebrew/bin:/opt/homebrew/sbin:/usr/local/bin:/usr/local/sbin:/usr/bin:/bin:/usr/sbin:/sbin
++ atlas-axi --repo /tmp/fm-atlas-gate.UG464v/real-complete-word/specs ticket show c1 --json
+ '[' approved = approved ']'
++ ticket_field real /tmp/fm-atlas-gate.UG464v/real-complete-word/specs c1 .captain.word
++ atlas_in real /tmp/fm-atlas-gate.UG464v/real-complete-word/specs ticket show c1 --json
++ local store=real repo=/tmp/fm-atlas-gate.UG464v/real-complete-word/specs
++ shift 2
++ HOME=/tmp/fm-atlas-gate.UG464v
++ jq -r '.change.captain.word // empty'
+++ store_bin real
+++ case "$1" in
+++ printf '%s\n' /tmp/fm-atlas-gate.UG464v/store-real
++ PATH=/tmp/fm-atlas-gate.UG464v/store-real:/home/ben/.pi/agent/bin:/home/ben/.npm-global/bin:/home/ben/.local/bin:/home/ben/.npm-global/bin:/home/ben/.local/bin:/run/wrappers/bin:/home/ben/.nix-profile/bin:/nix/profile/bin:/home/ben/.local/state/nix/profile/bin:/etc/profiles/per-user/ben/bin:/nix/var/nix/profiles/default/bin:/run/current-system/sw/bin:/home/ben/go/bin:/home/ben/.cargo/bin:/home/ben/bin:/opt/homebrew/bin:/opt/homebrew/sbin:/usr/local/bin:/usr/local/sbin:/usr/bin:/bin:/usr/sbin:/sbin
++ atlas-axi --repo /tmp/fm-atlas-gate.UG464v/real-complete-word/specs ticket show c1 --json
+ '[' 'yes, merge it' = 'yes, merge it' ']'
++ ticket_field real /tmp/fm-atlas-gate.UG464v/real-complete-word/specs c1 .captain.by
++ atlas_in real /tmp/fm-atlas-gate.UG464v/real-complete-word/specs ticket show c1 --json
++ local store=real repo=/tmp/fm-atlas-gate.UG464v/real-complete-word/specs
++ shift 2
++ HOME=/tmp/fm-atlas-gate.UG464v
++ jq -r '.change.captain.by // empty'
+++ store_bin real
+++ case "$1" in
+++ printf '%s\n' /tmp/fm-atlas-gate.UG464v/store-real
++ PATH=/tmp/fm-atlas-gate.UG464v/store-real:/home/ben/.pi/agent/bin:/home/ben/.npm-global/bin:/home/ben/.local/bin:/home/ben/.npm-global/bin:/home/ben/.local/bin:/run/wrappers/bin:/home/ben/.nix-profile/bin:/nix/profile/bin:/home/ben/.local/state/nix/profile/bin:/etc/profiles/per-user/ben/bin:/nix/var/nix/profiles/default/bin:/run/current-system/sw/bin:/home/ben/go/bin:/home/ben/.cargo/bin:/home/ben/bin:/opt/homebrew/bin:/opt/homebrew/sbin:/usr/local/bin:/usr/local/sbin:/usr/bin:/bin:/usr/sbin:/sbin
++ atlas-axi --repo /tmp/fm-atlas-gate.UG464v/real-complete-word/specs ticket show c1 --json
+ '[' fm-pr-merge = fm-pr-merge ']'
++ ticket_field real /tmp/fm-atlas-gate.UG464v/real-complete-word/specs c1 .state
++ atlas_in real /tmp/fm-atlas-gate.UG464v/real-complete-word/specs ticket show c1 --json
++ local store=real repo=/tmp/fm-atlas-gate.UG464v/real-complete-word/specs
++ shift 2
++ HOME=/tmp/fm-atlas-gate.UG464v
++ jq -r '.change.state // empty'
+++ store_bin real
+++ case "$1" in
+++ printf '%s\n' /tmp/fm-atlas-gate.UG464v/store-real
++ PATH=/tmp/fm-atlas-gate.UG464v/store-real:/home/ben/.pi/agent/bin:/home/ben/.npm-global/bin:/home/ben/.local/bin:/home/ben/.npm-global/bin:/home/ben/.local/bin:/run/wrappers/bin:/home/ben/.nix-profile/bin:/nix/profile/bin:/home/ben/.local/state/nix/profile/bin:/etc/profiles/per-user/ben/bin:/nix/var/nix/profiles/default/bin:/run/current-system/sw/bin:/home/ben/go/bin:/home/ben/.cargo/bin:/home/ben/bin:/opt/homebrew/bin:/opt/homebrew/sbin:/usr/local/bin:/usr/local/sbin:/usr/bin:/bin:/usr/sbin:/sbin
++ atlas-axi --repo /tmp/fm-atlas-gate.UG464v/real-complete-word/specs ticket show c1 --json
+ '[' completed = completed ']'
++ gate_lines /tmp/fm-atlas-gate.UG464v/real-complete-word/state/task-a1.status
++ grep -F '[key=atlas-gate-c1]' /tmp/fm-atlas-gate.UG464v/real-complete-word/state/task-a1.status
++ true
+ '[' -z '' ']'
+ pass 'real: --captain-word records the captain'\''s exact words as the approval, then completes'
+ printf 'ok - %s\n' 'real: --captain-word records the captain'\''s exact words as the approval, then completes'
ok - real: --captain-word records the captain's exact words as the approval, then completes
+ test_complete_coalesces_failed_approval_warning real
+ local store=real out rc
+ '[' real = mock ']'
+ return 0
+ test_land_refused real
+ local store=real
+ make_home real land-refused human none
+ local store=real name=land-refused review=human surface=none seeded
+ shift 4
+ HOME_DIR=/tmp/fm-atlas-gate.UG464v/real-land-refused
+ REPO=/tmp/fm-atlas-gate.UG464v/real-land-refused/specs
+ mkdir -p /tmp/fm-atlas-gate.UG464v/real-land-refused/state /tmp/fm-atlas-gate.UG464v/real-land-refused/config /tmp/fm-atlas-gate.UG464v/real-land-refused/data /tmp/fm-atlas-gate.UG464v/real-land-refused/fakebin /tmp/fm-atlas-gate.UG464v/real-land-refused/specs
++ seed_store real /tmp/fm-atlas-gate.UG464v/real-land-refused/specs human none
++ local store=real repo=/tmp/fm-atlas-gate.UG464v/real-land-refused/specs review=human surface=none json
++ case "$store" in
++ fm_git_init_commit /tmp/fm-atlas-gate.UG464v/real-land-refused/specs
++ local dir=/tmp/fm-atlas-gate.UG464v/real-land-refused/specs
++ mkdir -p /tmp/fm-atlas-gate.UG464v/real-land-refused/specs
++ git -C /tmp/fm-atlas-gate.UG464v/real-land-refused/specs init -q
+++ basename /tmp/fm-atlas-gate.UG464v/real-land-refused/specs
++ printf '# %s\n' specs
++ git -C /tmp/fm-atlas-gate.UG464v/real-land-refused/specs add README.md
++ git -C /tmp/fm-atlas-gate.UG464v/real-land-refused/specs -c 'user.name=Firstmate Tests' -c user.email=tests@example.invalid commit -qm initial
++ atlas_in real /tmp/fm-atlas-gate.UG464v/real-land-refused/specs create 'Demo project' --name demo --desc 'The region every gate scenario in this test works under.'
++ atlas_in real /tmp/fm-atlas-gate.UG464v/real-land-refused/specs create 'Gated thing' --under demo --name thing --desc 'The one node whose ticket each scenario closes out.'
++ atlas_in real /tmp/fm-atlas-gate.UG464v/real-land-refused/specs ticket queue demo/thing 'Close out the gated thing' --story 'as a captain I want gated work closed honestly so that the map stays true' --captain-surface none --review human
+++ atlas_in real /tmp/fm-atlas-gate.UG464v/real-land-refused/specs ticket list demo/thing --json
+++ local store=real repo=/tmp/fm-atlas-gate.UG464v/real-land-refused/specs
+++ shift 2
+++ HOME=/tmp/fm-atlas-gate.UG464v
++++ store_bin real
++++ case "$1" in
++++ printf '%s\n' /tmp/fm-atlas-gate.UG464v/store-real
+++ PATH=/tmp/fm-atlas-gate.UG464v/store-real:/home/ben/.pi/agent/bin:/home/ben/.npm-global/bin:/home/ben/.local/bin:/home/ben/.npm-global/bin:/home/ben/.local/bin:/run/wrappers/bin:/home/ben/.nix-profile/bin:/nix/profile/bin:/home/ben/.local/state/nix/profile/bin:/etc/profiles/per-user/ben/bin:/nix/var/nix/profiles/default/bin:/run/current-system/sw/bin:/home/ben/go/bin:/home/ben/.cargo/bin:/home/ben/bin:/opt/homebrew/bin:/opt/homebrew/sbin:/usr/local/bin:/usr/local/sbin:/usr/bin:/bin:/usr/sbin:/sbin
+++ atlas-axi --repo /tmp/fm-atlas-gate.UG464v/real-land-refused/specs ticket list demo/thing --json
++ json='[{"id":"c1","title":"Close out the gated thing","order":1,"path":["building","review","captain-review","merge"],"merge":"no-mistakes","review":"human","model":null,"captainSurface":"none","finish":null,"state":"queued","by":"cli","queuedAt":"2026-09-23T03:04:28.359Z","updatedAt":"2026-09-23T03:04:28.359Z","startedAt":null,"agent":null,"task":null,"endedAt":null,"evidence":null,"summary":null,"record":[],"aborts":[],"readyMark":null,"why":null,"node":"n2","nodePath":"demo/thing","testing":null,"awaitsCaptain":true,"ready":true,"file":"atlas/changes/n2/c1.md","abs":"/tmp/fm-atlas-gate.UG464v/real-land-refused/specs/atlas/changes/n2/c1.md","fileExists":true,"diverges":[]}]'
+++ jq -r '.[0].id'
+++ printf %s '[{"id":"c1","title":"Close out the gated thing","order":1,"path":["building","review","captain-review","merge"],"merge":"no-mistakes","review":"human","model":null,"captainSurface":"none","finish":null,"state":"queued","by":"cli","queuedAt":"2026-09-23T03:04:28.359Z","updatedAt":"2026-09-23T03:04:28.359Z","startedAt":null,"agent":null,"task":null,"endedAt":null,"evidence":null,"summary":null,"record":[],"aborts":[],"readyMark":null,"why":null,"node":"n2","nodePath":"demo/thing","testing":null,"awaitsCaptain":true,"ready":true,"file":"atlas/changes/n2/c1.md","abs":"/tmp/fm-atlas-gate.UG464v/real-land-refused/specs/atlas/changes/n2/c1.md","fileExists":true,"diverges":[]}]'
+++ jq -r '.[0].node'
+++ printf %s '[{"id":"c1","title":"Close out the gated thing","order":1,"path":["building","review","captain-review","merge"],"merge":"no-mistakes","review":"human","model":null,"captainSurface":"none","finish":null,"state":"queued","by":"cli","queuedAt":"2026-09-23T03:04:28.359Z","updatedAt":"2026-09-23T03:04:28.359Z","startedAt":null,"agent":null,"task":null,"endedAt":null,"evidence":null,"summary":null,"record":[],"aborts":[],"readyMark":null,"why":null,"node":"n2","nodePath":"demo/thing","testing":null,"awaitsCaptain":true,"ready":true,"file":"atlas/changes/n2/c1.md","abs":"/tmp/fm-atlas-gate.UG464v/real-land-refused/specs/atlas/changes/n2/c1.md","fileExists":true,"diverges":[]}]'
++ set -- c1 n2
++ atlas_in real /tmp/fm-atlas-gate.UG464v/real-land-refused/specs --by fm-spawn ticket start c1 --to fm-task-a1 --task task-a1
++ printf '%s %s\n' c1 n2
+ seeded='c1 n2'
+ TICKET=c1
+ printf '%s\n' /tmp/fm-atlas-gate.UG464v/real-land-refused/specs
+ fm_write_meta /tmp/fm-atlas-gate.UG464v/real-land-refused/state/task-a1.meta window=firstmate:fm-task-a1 worktree=/tmp/fm-atlas-gate.UG464v/real-land-refused/wt project=/tmp/fm-atlas-gate.UG464v/real-land-refused/project kind=ship mode=no-mistakes atlas_ticket=c1
+ local file=/tmp/fm-atlas-gate.UG464v/real-land-refused/state/task-a1.meta kv
+ shift
+ :
+ for kv in "$@"
+ printf '%s\n' window=firstmate:fm-task-a1
+ for kv in "$@"
+ printf '%s\n' worktree=/tmp/fm-atlas-gate.UG464v/real-land-refused/wt
+ for kv in "$@"
+ printf '%s\n' project=/tmp/fm-atlas-gate.UG464v/real-land-refused/project
+ for kv in "$@"
+ printf '%s\n' kind=ship
+ for kv in "$@"
+ printf '%s\n' mode=no-mistakes
+ for kv in "$@"
+ printf '%s\n' atlas_ticket=c1
+ in_home real /home/ben/.no-mistakes/worktrees/3665d600861c/01M35Z81603SF5MCV2X9D1FSC2/bin/fm-atlas-hook.sh land task-a1 --actor fm-teardown --evidence 'task task-a1 landed' --summary landed
+ assert_one_gate_line real /tmp/fm-atlas-gate.UG464v/real-land-refused/state/task-a1.status 'captain'\''s approval' 'refused land'
+ local lines count
++ gate_lines /tmp/fm-atlas-gate.UG464v/real-land-refused/state/task-a1.status
++ grep -F '[key=atlas-gate-c1]' /tmp/fm-atlas-gate.UG464v/real-land-refused/state/task-a1.status
+ lines='blocked [key=atlas-gate-c1]: the Atlas refused to complete ticket c1 for task task-a1: the captain'\''s approval is missing; node n2 released'
++ printf %s 'blocked [key=atlas-gate-c1]: the Atlas refused to complete ticket c1 for task task-a1: the captain'\''s approval is missing; node n2 released'
++ grep -c .
+ count=1
+ '[' 1 = 1 ']'
+ case "$lines" in
+ assert_contains 'blocked [key=atlas-gate-c1]: the Atlas refused to complete ticket c1 for task task-a1: the captain'\''s approval is missing; node n2 released' c1 'real: refused land: the gate line does not name the ticket'
+ case "$1" in
+ :
+ assert_contains 'blocked [key=atlas-gate-c1]: the Atlas refused to complete ticket c1 for task task-a1: the captain'\''s approval is missing; node n2 released' 'captain'\''s approval' 'real: refused land: the gate line does not name the missing gate'
+ case "$1" in
+ :
++ node_field real /tmp/fm-atlas-gate.UG464v/real-land-refused/specs .holder
++ atlas_in real /tmp/fm-atlas-gate.UG464v/real-land-refused/specs show demo/thing --json
++ local store=real repo=/tmp/fm-atlas-gate.UG464v/real-land-refused/specs
++ shift 2
++ HOME=/tmp/fm-atlas-gate.UG464v
+++ store_bin real
+++ case "$1" in
+++ printf '%s\n' /tmp/fm-atlas-gate.UG464v/store-real
++ jq -r '.holder // empty'
++ PATH=/tmp/fm-atlas-gate.UG464v/store-real:/home/ben/.pi/agent/bin:/home/ben/.npm-global/bin:/home/ben/.local/bin:/home/ben/.npm-global/bin:/home/ben/.local/bin:/run/wrappers/bin:/home/ben/.nix-profile/bin:/nix/profile/bin:/home/ben/.local/state/nix/profile/bin:/etc/profiles/per-user/ben/bin:/nix/var/nix/profiles/default/bin:/run/current-system/sw/bin:/home/ben/go/bin:/home/ben/.cargo/bin:/home/ben/bin:/opt/homebrew/bin:/opt/homebrew/sbin:/usr/local/bin:/usr/local/sbin:/usr/bin:/bin:/usr/sbin:/sbin
++ atlas-axi --repo /tmp/fm-atlas-gate.UG464v/real-land-refused/specs show demo/thing --json
+ '[' -z '' ']'
++ node_field real /tmp/fm-atlas-gate.UG464v/real-land-refused/specs .cond
++ atlas_in real /tmp/fm-atlas-gate.UG464v/real-land-refused/specs show demo/thing --json
++ local store=real repo=/tmp/fm-atlas-gate.UG464v/real-land-refused/specs
++ shift 2
++ HOME=/tmp/fm-atlas-gate.UG464v
++ jq -r '.cond // empty'
+++ store_bin real
+++ case "$1" in
+++ printf '%s\n' /tmp/fm-atlas-gate.UG464v/store-real
++ PATH=/tmp/fm-atlas-gate.UG464v/store-real:/home/ben/.pi/agent/bin:/home/ben/.npm-global/bin:/home/ben/.local/bin:/home/ben/.npm-global/bin:/home/ben/.local/bin:/run/wrappers/bin:/home/ben/.nix-profile/bin:/nix/profile/bin:/home/ben/.local/state/nix/profile/bin:/etc/profiles/per-user/ben/bin:/nix/var/nix/profiles/default/bin:/run/current-system/sw/bin:/home/ben/go/bin:/home/ben/.cargo/bin:/home/ben/bin:/opt/homebrew/bin:/opt/homebrew/sbin:/usr/local/bin:/usr/local/sbin:/usr/bin:/bin:/usr/sbin:/sbin
++ atlas-axi --repo /tmp/fm-atlas-gate.UG464v/real-land-refused/specs show demo/thing --json
+ '[' underway '!=' landed ']'
+ pass 'real: a refused land releases the node, never lands it, and leaves one keyed status line'
+ printf 'ok - %s\n' 'real: a refused land releases the node, never lands it, and leaves one keyed status line'
ok - real: a refused land releases the node, never lands it, and leaves one keyed status line
+ test_complete_rejects_defer_status real
+ local store=real out rc log_before log_after
+ make_home real complete-defer human none
+ local store=real name=complete-defer review=human surface=none seeded
+ shift 4
+ HOME_DIR=/tmp/fm-atlas-gate.UG464v/real-complete-defer
+ REPO=/tmp/fm-atlas-gate.UG464v/real-complete-defer/specs
+ mkdir -p /tmp/fm-atlas-gate.UG464v/real-complete-defer/state /tmp/fm-atlas-gate.UG464v/real-complete-defer/config /tmp/fm-atlas-gate.UG464v/real-complete-defer/data /tmp/fm-atlas-gate.UG464v/real-complete-defer/fakebin /tmp/fm-atlas-gate.UG464v/real-complete-defer/specs
++ seed_store real /tmp/fm-atlas-gate.UG464v/real-complete-defer/specs human none
++ local store=real repo=/tmp/fm-atlas-gate.UG464v/real-complete-defer/specs review=human surface=none json
++ case "$store" in
++ fm_git_init_commit /tmp/fm-atlas-gate.UG464v/real-complete-defer/specs
++ local dir=/tmp/fm-atlas-gate.UG464v/real-complete-defer/specs
++ mkdir -p /tmp/fm-atlas-gate.UG464v/real-complete-defer/specs
++ git -C /tmp/fm-atlas-gate.UG464v/real-complete-defer/specs init -q
+++ basename /tmp/fm-atlas-gate.UG464v/real-complete-defer/specs
++ printf '# %s\n' specs
++ git -C /tmp/fm-atlas-gate.UG464v/real-complete-defer/specs add README.md
++ git -C /tmp/fm-atlas-gate.UG464v/real-complete-defer/specs -c 'user.name=Firstmate Tests' -c user.email=tests@example.invalid commit -qm initial
++ atlas_in real /tmp/fm-atlas-gate.UG464v/real-complete-defer/specs create 'Demo project' --name demo --desc 'The region every gate scenario in this test works under.'
++ atlas_in real /tmp/fm-atlas-gate.UG464v/real-complete-defer/specs create 'Gated thing' --under demo --name thing --desc 'The one node whose ticket each scenario closes out.'
++ atlas_in real /tmp/fm-atlas-gate.UG464v/real-complete-defer/specs ticket queue demo/thing 'Close out the gated thing' --story 'as a captain I want gated work closed honestly so that the map stays true' --captain-surface none --review human
+++ atlas_in real /tmp/fm-atlas-gate.UG464v/real-complete-defer/specs ticket list demo/thing --json
+++ local store=real repo=/tmp/fm-atlas-gate.UG464v/real-complete-defer/specs
+++ shift 2
+++ HOME=/tmp/fm-atlas-gate.UG464v
++++ store_bin real
++++ case "$1" in
++++ printf '%s\n' /tmp/fm-atlas-gate.UG464v/store-real
+++ PATH=/tmp/fm-atlas-gate.UG464v/store-real:/home/ben/.pi/agent/bin:/home/ben/.npm-global/bin:/home/ben/.local/bin:/home/ben/.npm-global/bin:/home/ben/.local/bin:/run/wrappers/bin:/home/ben/.nix-profile/bin:/nix/profile/bin:/home/ben/.local/state/nix/profile/bin:/etc/profiles/per-user/ben/bin:/nix/var/nix/profiles/default/bin:/run/current-system/sw/bin:/home/ben/go/bin:/home/ben/.cargo/bin:/home/ben/bin:/opt/homebrew/bin:/opt/homebrew/sbin:/usr/local/bin:/usr/local/sbin:/usr/bin:/bin:/usr/sbin:/sbin
+++ atlas-axi --repo /tmp/fm-atlas-gate.UG464v/real-complete-defer/specs ticket list demo/thing --json
++ json='[{"id":"c1","title":"Close out the gated thing","order":1,"path":["building","review","captain-review","merge"],"merge":"no-mistakes","review":"human","model":null,"captainSurface":"none","finish":null,"state":"queued","by":"cli","queuedAt":"2026-09-23T03:04:32.319Z","updatedAt":"2026-09-23T03:04:32.319Z","startedAt":null,"agent":null,"task":null,"endedAt":null,"evidence":null,"summary":null,"record":[],"aborts":[],"readyMark":null,"why":null,"node":"n2","nodePath":"demo/thing","testing":null,"awaitsCaptain":true,"ready":true,"file":"atlas/changes/n2/c1.md","abs":"/tmp/fm-atlas-gate.UG464v/real-complete-defer/specs/atlas/changes/n2/c1.md","fileExists":true,"diverges":[]}]'
+++ printf %s '[{"id":"c1","title":"Close out the gated thing","order":1,"path":["building","review","captain-review","merge"],"merge":"no-mistakes","review":"human","model":null,"captainSurface":"none","finish":null,"state":"queued","by":"cli","queuedAt":"2026-09-23T03:04:32.319Z","updatedAt":"2026-09-23T03:04:32.319Z","startedAt":null,"agent":null,"task":null,"endedAt":null,"evidence":null,"summary":null,"record":[],"aborts":[],"readyMark":null,"why":null,"node":"n2","nodePath":"demo/thing","testing":null,"awaitsCaptain":true,"ready":true,"file":"atlas/changes/n2/c1.md","abs":"/tmp/fm-atlas-gate.UG464v/real-complete-defer/specs/atlas/changes/n2/c1.md","fileExists":true,"diverges":[]}]'
+++ jq -r '.[0].id'
+++ printf %s '[{"id":"c1","title":"Close out the gated thing","order":1,"path":["building","review","captain-review","merge"],"merge":"no-mistakes","review":"human","model":null,"captainSurface":"none","finish":null,"state":"queued","by":"cli","queuedAt":"2026-09-23T03:04:32.319Z","updatedAt":"2026-09-23T03:04:32.319Z","startedAt":null,"agent":null,"task":null,"endedAt":null,"evidence":null,"summary":null,"record":[],"aborts":[],"readyMark":null,"why":null,"node":"n2","nodePath":"demo/thing","testing":null,"awaitsCaptain":true,"ready":true,"file":"atlas/changes/n2/c1.md","abs":"/tmp/fm-atlas-gate.UG464v/real-complete-defer/specs/atlas/changes/n2/c1.md","fileExists":true,"diverges":[]}]'
+++ jq -r '.[0].node'
++ set -- c1 n2
++ atlas_in real /tmp/fm-atlas-gate.UG464v/real-complete-defer/specs --by fm-spawn ticket start c1 --to fm-task-a1 --task task-a1
++ printf '%s %s\n' c1 n2
+ seeded='c1 n2'
+ TICKET=c1
+ printf '%s\n' /tmp/fm-atlas-gate.UG464v/real-complete-defer/specs
+ fm_write_meta /tmp/fm-atlas-gate.UG464v/real-complete-defer/state/task-a1.meta window=firstmate:fm-task-a1 worktree=/tmp/fm-atlas-gate.UG464v/real-complete-defer/wt project=/tmp/fm-atlas-gate.UG464v/real-complete-defer/project kind=ship mode=no-mistakes atlas_ticket=c1
+ local file=/tmp/fm-atlas-gate.UG464v/real-complete-defer/state/task-a1.meta kv
+ shift
+ :
+ for kv in "$@"
+ printf '%s\n' window=firstmate:fm-task-a1
+ for kv in "$@"
+ printf '%s\n' worktree=/tmp/fm-atlas-gate.UG464v/real-complete-defer/wt
+ for kv in "$@"
+ printf '%s\n' project=/tmp/fm-atlas-gate.UG464v/real-complete-defer/project
+ for kv in "$@"
+ printf '%s\n' kind=ship
+ for kv in "$@"
+ printf '%s\n' mode=no-mistakes
+ for kv in "$@"
+ printf '%s\n' atlas_ticket=c1
+ case "$store" in
+ set +e
++ in_home real /home/ben/.no-mistakes/worktrees/3665d600861c/01M35Z81603SF5MCV2X9D1FSC2/bin/fm-atlas-hook.sh complete task-a1 --actor fm-pr-merge --defer-status --evidence https://example.invalid/pr/defer --summary merged
+ out=$'++ local store=real\n++ shift\n++ HOME=/tmp/fm-atlas-gate.UG464v\n++ FM_ROOT_OVERRIDE=/home/ben/.no-mistakes/worktrees/3665d600861c/01M35Z81603SF5MCV2X9D1FSC2\n++ FM_HOME=/tmp/fm-atlas-gate.UG464v/real-complete-defer\n++ FM_STATE_OVERRIDE=/tmp/fm-atlas-gate.UG464v/real-complete-defer/state\n++ FM_DATA_OVERRIDE=/tmp/fm-atlas-gate.UG464v/real-complete-defer/data\n++ FM_CONFIG_OVERRIDE=/tmp/fm-atlas-gate.UG464v/real-complete-defer/config\n+++ store_bin real\n+++ case "$1" in\n+++ printf \'%s\\n\' /tmp/fm-atlas-gate.UG464v/store-real\n++ PATH=/tmp/fm-atlas-gate.UG464v/real-complete-defer/fakebin:/tmp/fm-atlas-gate.UG464v/store-real:/home/ben/.pi/agent/bin:/home/ben/.npm-global/bin:/home/ben/.local/bin:/home/ben/.npm-global/bin:/home/ben/.local/bin:/run/wrappers/bin:/home/ben/.nix-profile/bin:/nix/profile/bin:/home/ben/.local/state/nix/profile/bin:/etc/profiles/per-user/ben/bin:/nix/var/nix/profiles/default/bin:/run/current-system/sw/bin:/home/ben/go/bin:/home/ben/.cargo/bin:/home/ben/bin:/opt/homebrew/bin:/opt/homebrew/sbin:/usr/local/bin:/usr/local/sbin:/usr/bin:/bin:/usr/sbin:/sbin\n++ /home/ben/.no-mistakes/worktrees/3665d600861c/01M35Z81603SF5MCV2X9D1FSC2/bin/fm-atlas-hook.sh complete task-a1 --actor fm-pr-merge --defer-status --evidence https://example.invalid/pr/defer --summary merged\natlas-hook: complete called with --defer-status, which only land supports; the map was not updated'
+ rc=0
+ set -e
+ expect_code 0 0 'real: an unsupported --defer-status must preserve the best-effort exit'
+ local expected=0 actual=0 'label=real: an unsupported --defer-status must preserve the best-effort exit'
+ '[' 0 = 0 ']'
++ printf '%s\n' $'++ local store=real\n++ shift\n++ HOME=/tmp/fm-atlas-gate.UG464v\n++ FM_ROOT_OVERRIDE=/home/ben/.no-mistakes/worktrees/3665d600861c/01M35Z81603SF5MCV2X9D1FSC2\n++ FM_HOME=/tmp/fm-atlas-gate.UG464v/real-complete-defer\n++ FM_STATE_OVERRIDE=/tmp/fm-atlas-gate.UG464v/real-complete-defer/state\n++ FM_DATA_OVERRIDE=/tmp/fm-atlas-gate.UG464v/real-complete-defer/data\n++ FM_CONFIG_OVERRIDE=/tmp/fm-atlas-gate.UG464v/real-complete-defer/config\n+++ store_bin real\n+++ case "$1" in\n+++ printf \'%s\\n\' /tmp/fm-atlas-gate.UG464v/store-real\n++ PATH=/tmp/fm-atlas-gate.UG464v/real-complete-defer/fakebin:/tmp/fm-atlas-gate.UG464v/store-real:/home/ben/.pi/agent/bin:/home/ben/.npm-global/bin:/home/ben/.local/bin:/home/ben/.npm-global/bin:/home/ben/.local/bin:/run/wrappers/bin:/home/ben/.nix-profile/bin:/nix/profile/bin:/home/ben/.local/state/nix/profile/bin:/etc/profiles/per-user/ben/bin:/nix/var/nix/profiles/default/bin:/run/current-system/sw/bin:/home/ben/go/bin:/home/ben/.cargo/bin:/home/ben/bin:/opt/homebrew/bin:/opt/homebrew/sbin:/usr/local/bin:/usr/local/sbin:/usr/bin:/bin:/usr/sbin:/sbin\n++ /home/ben/.no-mistakes/worktrees/3665d600861c/01M35Z81603SF5MCV2X9D1FSC2/bin/fm-atlas-hook.sh complete task-a1 --actor fm-pr-merge --defer-status --evidence https://example.invalid/pr/defer --summary merged\natlas-hook: complete called with --defer-status, which only land supports; the map was not updated'
++ grep -c '^atlas-hook:'
+ '[' 1 = 1 ']'
+ assert_absent /tmp/fm-atlas-gate.UG464v/real-complete-defer/state/task-a1.status 'real: an unsupported --defer-status wrote a status line'
+ '[' '!' -e /tmp/fm-atlas-gate.UG464v/real-complete-defer/state/task-a1.status ']'
+ case "$store" in
++ node_field real /tmp/fm-atlas-gate.UG464v/real-complete-defer/specs .holder
++ jq -r '.holder // empty'
++ atlas_in real /tmp/fm-atlas-gate.UG464v/real-complete-defer/specs show demo/thing --json
++ local store=real repo=/tmp/fm-atlas-gate.UG464v/real-complete-defer/specs
++ shift 2
++ HOME=/tmp/fm-atlas-gate.UG464v
+++ store_bin real
+++ case "$1" in
+++ printf '%s\n' /tmp/fm-atlas-gate.UG464v/store-real
++ PATH=/tmp/fm-atlas-gate.UG464v/store-real:/home/ben/.pi/agent/bin:/home/ben/.npm-global/bin:/home/ben/.local/bin:/home/ben/.npm-global/bin:/home/ben/.local/bin:/run/wrappers/bin:/home/ben/.nix-profile/bin:/nix/profile/bin:/home/ben/.local/state/nix/profile/bin:/etc/profiles/per-user/ben/bin:/nix/var/nix/profiles/default/bin:/run/current-system/sw/bin:/home/ben/go/bin:/home/ben/.cargo/bin:/home/ben/bin:/opt/homebrew/bin:/opt/homebrew/sbin:/usr/local/bin:/usr/local/sbin:/usr/bin:/bin:/usr/sbin:/sbin
++ atlas-axi --repo /tmp/fm-atlas-gate.UG464v/real-complete-defer/specs show demo/thing --json
+ '[' fm-task-a1 = fm-task-a1 ']'
+ pass 'real: complete rejects --defer-status before any Atlas call'
+ printf 'ok - %s\n' 'real: complete rejects --defer-status before any Atlas call'
ok - real: complete rejects --defer-status before any Atlas call
+ test_land_defer_status real
+ local store=real out
+ make_home real land-defer human none
+ local store=real name=land-defer review=human surface=none seeded
+ shift 4
+ HOME_DIR=/tmp/fm-atlas-gate.UG464v/real-land-defer
+ REPO=/tmp/fm-atlas-gate.UG464v/real-land-defer/specs
+ mkdir -p /tmp/fm-atlas-gate.UG464v/real-land-defer/state /tmp/fm-atlas-gate.UG464v/real-land-defer/config /tmp/fm-atlas-gate.UG464v/real-land-defer/data /tmp/fm-atlas-gate.UG464v/real-land-defer/fakebin /tmp/fm-atlas-gate.UG464v/real-land-defer/specs
++ seed_store real /tmp/fm-atlas-gate.UG464v/real-land-defer/specs human none
++ local store=real repo=/tmp/fm-atlas-gate.UG464v/real-land-defer/specs review=human surface=none json
++ case "$store" in
++ fm_git_init_commit /tmp/fm-atlas-gate.UG464v/real-land-defer/specs
++ local dir=/tmp/fm-atlas-gate.UG464v/real-land-defer/specs
++ mkdir -p /tmp/fm-atlas-gate.UG464v/real-land-defer/specs
++ git -C /tmp/fm-atlas-gate.UG464v/real-land-defer/specs init -q
+++ basename /tmp/fm-atlas-gate.UG464v/real-land-defer/specs
++ printf '# %s\n' specs
++ git -C /tmp/fm-atlas-gate.UG464v/real-land-defer/specs add README.md
++ git -C /tmp/fm-atlas-gate.UG464v/real-land-defer/specs -c 'user.name=Firstmate Tests' -c user.email=tests@example.invalid commit -qm initial
++ atlas_in real /tmp/fm-atlas-gate.UG464v/real-land-defer/specs create 'Demo project' --name demo --desc 'The region every gate scenario in this test works under.'
++ atlas_in real /tmp/fm-atlas-gate.UG464v/real-land-defer/specs create 'Gated thing' --under demo --name thing --desc 'The one node whose ticket each scenario closes out.'
++ atlas_in real /tmp/fm-atlas-gate.UG464v/real-land-defer/specs ticket queue demo/thing 'Close out the gated thing' --story 'as a captain I want gated work closed honestly so that the map stays true' --captain-surface none --review human
+++ atlas_in real /tmp/fm-atlas-gate.UG464v/real-land-defer/specs ticket list demo/thing --json
+++ local store=real repo=/tmp/fm-atlas-gate.UG464v/real-land-defer/specs
+++ shift 2
+++ HOME=/tmp/fm-atlas-gate.UG464v
++++ store_bin real
++++ case "$1" in
++++ printf '%s\n' /tmp/fm-atlas-gate.UG464v/store-real
+++ PATH=/tmp/fm-atlas-gate.UG464v/store-real:/home/ben/.pi/agent/bin:/home/ben/.npm-global/bin:/home/ben/.local/bin:/home/ben/.npm-global/bin:/home/ben/.local/bin:/run/wrappers/bin:/home/ben/.nix-profile/bin:/nix/profile/bin:/home/ben/.local/state/nix/profile/bin:/etc/profiles/per-user/ben/bin:/nix/var/nix/profiles/default/bin:/run/current-system/sw/bin:/home/ben/go/bin:/home/ben/.cargo/bin:/home/ben/bin:/opt/homebrew/bin:/opt/homebrew/sbin:/usr/local/bin:/usr/local/sbin:/usr/bin:/bin:/usr/sbin:/sbin
+++ atlas-axi --repo /tmp/fm-atlas-gate.UG464v/real-land-defer/specs ticket list demo/thing --json
++ json='[{"id":"c1","title":"Close out the gated thing","order":1,"path":["building","review","captain-review","merge"],"merge":"no-mistakes","review":"human","model":null,"captainSurface":"none","finish":null,"state":"queued","by":"cli","queuedAt":"2026-09-23T03:04:34.666Z","updatedAt":"2026-09-23T03:04:34.666Z","startedAt":null,"agent":null,"task":null,"endedAt":null,"evidence":null,"summary":null,"record":[],"aborts":[],"readyMark":null,"why":null,"node":"n2","nodePath":"demo/thing","testing":null,"awaitsCaptain":true,"ready":true,"file":"atlas/changes/n2/c1.md","abs":"/tmp/fm-atlas-gate.UG464v/real-land-defer/specs/atlas/changes/n2/c1.md","fileExists":true,"diverges":[]}]'
+++ jq -r '.[0].id'
+++ printf %s '[{"id":"c1","title":"Close out the gated thing","order":1,"path":["building","review","captain-review","merge"],"merge":"no-mistakes","review":"human","model":null,"captainSurface":"none","finish":null,"state":"queued","by":"cli","queuedAt":"2026-09-23T03:04:34.666Z","updatedAt":"2026-09-23T03:04:34.666Z","startedAt":null,"agent":null,"task":null,"endedAt":null,"evidence":null,"summary":null,"record":[],"aborts":[],"readyMark":null,"why":null,"node":"n2","nodePath":"demo/thing","testing":null,"awaitsCaptain":true,"ready":true,"file":"atlas/changes/n2/c1.md","abs":"/tmp/fm-atlas-gate.UG464v/real-land-defer/specs/atlas/changes/n2/c1.md","fileExists":true,"diverges":[]}]'
+++ jq -r '.[0].node'
+++ printf %s '[{"id":"c1","title":"Close out the gated thing","order":1,"path":["building","review","captain-review","merge"],"merge":"no-mistakes","review":"human","model":null,"captainSurface":"none","finish":null,"state":"queued","by":"cli","queuedAt":"2026-09-23T03:04:34.666Z","updatedAt":"2026-09-23T03:04:34.666Z","startedAt":null,"agent":null,"task":null,"endedAt":null,"evidence":null,"summary":null,"record":[],"aborts":[],"readyMark":null,"why":null,"node":"n2","nodePath":"demo/thing","testing":null,"awaitsCaptain":true,"ready":true,"file":"atlas/changes/n2/c1.md","abs":"/tmp/fm-atlas-gate.UG464v/real-land-defer/specs/atlas/changes/n2/c1.md","fileExists":true,"diverges":[]}]'
++ set -- c1 n2
++ atlas_in real /tmp/fm-atlas-gate.UG464v/real-land-defer/specs --by fm-spawn ticket start c1 --to fm-task-a1 --task task-a1
++ printf '%s %s\n' c1 n2
+ seeded='c1 n2'
+ TICKET=c1
+ printf '%s\n' /tmp/fm-atlas-gate.UG464v/real-land-defer/specs
+ fm_write_meta /tmp/fm-atlas-gate.UG464v/real-land-defer/state/task-a1.meta window=firstmate:fm-task-a1 worktree=/tmp/fm-atlas-gate.UG464v/real-land-defer/wt project=/tmp/fm-atlas-gate.UG464v/real-land-defer/project kind=ship mode=no-mistakes atlas_ticket=c1
+ local file=/tmp/fm-atlas-gate.UG464v/real-land-defer/state/task-a1.meta kv
+ shift
+ :
+ for kv in "$@"
+ printf '%s\n' window=firstmate:fm-task-a1
+ for kv in "$@"
+ printf '%s\n' worktree=/tmp/fm-atlas-gate.UG464v/real-land-defer/wt
+ for kv in "$@"
+ printf '%s\n' project=/tmp/fm-atlas-gate.UG464v/real-land-defer/project
+ for kv in "$@"
+ printf '%s\n' kind=ship
+ for kv in "$@"
+ printf '%s\n' mode=no-mistakes
+ for kv in "$@"
+ printf '%s\n' atlas_ticket=c1
++ in_home real /home/ben/.no-mistakes/worktrees/3665d600861c/01M35Z81603SF5MCV2X9D1FSC2/bin/fm-atlas-hook.sh land task-a1 --actor fm-teardown --defer-status --evidence 'task task-a1 landed' --summary landed
+ out='blocked [key=atlas-gate-c1]: the Atlas refused to complete ticket c1 for task task-a1: the captain'\''s approval is missing; node n2 released'
+ assert_absent /tmp/fm-atlas-gate.UG464v/real-land-defer/state/task-a1.status 'real: --defer-status must leave the status log to the caller'
+ '[' '!' -e /tmp/fm-atlas-gate.UG464v/real-land-defer/state/task-a1.status ']'
+ case "$out" in
++ printf '%s\n' 'blocked [key=atlas-gate-c1]: the Atlas refused to complete ticket c1 for task task-a1: the captain'\''s approval is missing; node n2 released'
++ grep -c .
+ '[' 1 = 1 ']'
+ pass 'real: --defer-status hands the gate line to the caller instead of writing it'
+ printf 'ok - %s\n' 'real: --defer-status hands the gate line to the caller instead of writing it'
ok - real: --defer-status hands the gate line to the caller instead of writing it
+ test_pr_merge_refused real
+ local store=real rc
+ make_home real pr-refused human none yolo=on
+ local store=real name=pr-refused review=human surface=none seeded
+ shift 4
+ HOME_DIR=/tmp/fm-atlas-gate.UG464v/real-pr-refused
+ REPO=/tmp/fm-atlas-gate.UG464v/real-pr-refused/specs
+ mkdir -p /tmp/fm-atlas-gate.UG464v/real-pr-refused/state /tmp/fm-atlas-gate.UG464v/real-pr-refused/config /tmp/fm-atlas-gate.UG464v/real-pr-refused/data /tmp/fm-atlas-gate.UG464v/real-pr-refused/fakebin /tmp/fm-atlas-gate.UG464v/real-pr-refused/specs
++ seed_store real /tmp/fm-atlas-gate.UG464v/real-pr-refused/specs human none
++ local store=real repo=/tmp/fm-atlas-gate.UG464v/real-pr-refused/specs review=human surface=none json
++ case "$store" in
++ fm_git_init_commit /tmp/fm-atlas-gate.UG464v/real-pr-refused/specs
++ local dir=/tmp/fm-atlas-gate.UG464v/real-pr-refused/specs
++ mkdir -p /tmp/fm-atlas-gate.UG464v/real-pr-refused/specs
++ git -C /tmp/fm-atlas-gate.UG464v/real-pr-refused/specs init -q
+++ basename /tmp/fm-atlas-gate.UG464v/real-pr-refused/specs
++ printf '# %s\n' specs
++ git -C /tmp/fm-atlas-gate.UG464v/real-pr-refused/specs add README.md
++ git -C /tmp/fm-atlas-gate.UG464v/real-pr-refused/specs -c 'user.name=Firstmate Tests' -c user.email=tests@example.invalid commit -qm initial
++ atlas_in real /tmp/fm-atlas-gate.UG464v/real-pr-refused/specs create 'Demo project' --name demo --desc 'The region every gate scenario in this test works under.'
++ atlas_in real /tmp/fm-atlas-gate.UG464v/real-pr-refused/specs create 'Gated thing' --under demo --name thing --desc 'The one node whose ticket each scenario closes out.'
++ atlas_in real /tmp/fm-atlas-gate.UG464v/real-pr-refused/specs ticket queue demo/thing 'Close out the gated thing' --story 'as a captain I want gated work closed honestly so that the map stays true' --captain-surface none --review human
+++ atlas_in real /tmp/fm-atlas-gate.UG464v/real-pr-refused/specs ticket list demo/thing --json
+++ local store=real repo=/tmp/fm-atlas-gate.UG464v/real-pr-refused/specs
+++ shift 2
+++ HOME=/tmp/fm-atlas-gate.UG464v
++++ store_bin real
++++ case "$1" in
++++ printf '%s\n' /tmp/fm-atlas-gate.UG464v/store-real
+++ PATH=/tmp/fm-atlas-gate.UG464v/store-real:/home/ben/.pi/agent/bin:/home/ben/.npm-global/bin:/home/ben/.local/bin:/home/ben/.npm-global/bin:/home/ben/.local/bin:/run/wrappers/bin:/home/ben/.nix-profile/bin:/nix/profile/bin:/home/ben/.local/state/nix/profile/bin:/etc/profiles/per-user/ben/bin:/nix/var/nix/profiles/default/bin:/run/current-system/sw/bin:/home/ben/go/bin:/home/ben/.cargo/bin:/home/ben/bin:/opt/homebrew/bin:/opt/homebrew/sbin:/usr/local/bin:/usr/local/sbin:/usr/bin:/bin:/usr/sbin:/sbin
+++ atlas-axi --repo /tmp/fm-atlas-gate.UG464v/real-pr-refused/specs ticket list demo/thing --json
++ json='[{"id":"c1","title":"Close out the gated thing","order":1,"path":["building","review","captain-review","merge"],"merge":"no-mistakes","review":"human","model":null,"captainSurface":"none","finish":null,"state":"queued","by":"cli","queuedAt":"2026-09-23T03:04:38.149Z","updatedAt":"2026-09-23T03:04:38.149Z","startedAt":null,"agent":null,"task":null,"endedAt":null,"evidence":null,"summary":null,"record":[],"aborts":[],"readyMark":null,"why":null,"node":"n2","nodePath":"demo/thing","testing":null,"awaitsCaptain":true,"ready":true,"file":"atlas/changes/n2/c1.md","abs":"/tmp/fm-atlas-gate.UG464v/real-pr-refused/specs/atlas/changes/n2/c1.md","fileExists":true,"diverges":[]}]'
+++ jq -r '.[0].id'
+++ printf %s '[{"id":"c1","title":"Close out the gated thing","order":1,"path":["building","review","captain-review","merge"],"merge":"no-mistakes","review":"human","model":null,"captainSurface":"none","finish":null,"state":"queued","by":"cli","queuedAt":"2026-09-23T03:04:38.149Z","updatedAt":"2026-09-23T03:04:38.149Z","startedAt":null,"agent":null,"task":null,"endedAt":null,"evidence":null,"summary":null,"record":[],"aborts":[],"readyMark":null,"why":null,"node":"n2","nodePath":"demo/thing","testing":null,"awaitsCaptain":true,"ready":true,"file":"atlas/changes/n2/c1.md","abs":"/tmp/fm-atlas-gate.UG464v/real-pr-refused/specs/atlas/changes/n2/c1.md","fileExists":true,"diverges":[]}]'
+++ printf %s '[{"id":"c1","title":"Close out the gated thing","order":1,"path":["building","review","captain-review","merge"],"merge":"no-mistakes","review":"human","model":null,"captainSurface":"none","finish":null,"state":"queued","by":"cli","queuedAt":"2026-09-23T03:04:38.149Z","updatedAt":"2026-09-23T03:04:38.149Z","startedAt":null,"agent":null,"task":null,"endedAt":null,"evidence":null,"summary":null,"record":[],"aborts":[],"readyMark":null,"why":null,"node":"n2","nodePath":"demo/thing","testing":null,"awaitsCaptain":true,"ready":true,"file":"atlas/changes/n2/c1.md","abs":"/tmp/fm-atlas-gate.UG464v/real-pr-refused/specs/atlas/changes/n2/c1.md","fileExists":true,"diverges":[]}]'
+++ jq -r '.[0].node'
++ set -- c1 n2
++ atlas_in real /tmp/fm-atlas-gate.UG464v/real-pr-refused/specs --by fm-spawn ticket start c1 --to fm-task-a1 --task task-a1
++ printf '%s %s\n' c1 n2
+ seeded='c1 n2'
+ TICKET=c1
+ printf '%s\n' /tmp/fm-atlas-gate.UG464v/real-pr-refused/specs
+ fm_write_meta /tmp/fm-atlas-gate.UG464v/real-pr-refused/state/task-a1.meta window=firstmate:fm-task-a1 worktree=/tmp/fm-atlas-gate.UG464v/real-pr-refused/wt project=/tmp/fm-atlas-gate.UG464v/real-pr-refused/project kind=ship mode=no-mistakes atlas_ticket=c1 yolo=on
+ local file=/tmp/fm-atlas-gate.UG464v/real-pr-refused/state/task-a1.meta kv
+ shift
+ :
+ for kv in "$@"
+ printf '%s\n' window=firstmate:fm-task-a1
+ for kv in "$@"
+ printf '%s\n' worktree=/tmp/fm-atlas-gate.UG464v/real-pr-refused/wt
+ for kv in "$@"
+ printf '%s\n' project=/tmp/fm-atlas-gate.UG464v/real-pr-refused/project
+ for kv in "$@"
+ printf '%s\n' kind=ship
+ for kv in "$@"
+ printf '%s\n' mode=no-mistakes
+ for kv in "$@"
+ printf '%s\n' atlas_ticket=c1
+ for kv in "$@"
+ printf '%s\n' yolo=on
+ make_fake_forge
+ cat
+ cat
+ chmod +x /tmp/fm-atlas-gate.UG464v/real-pr-refused/fakebin/gh-axi /tmp/fm-atlas-gate.UG464v/real-pr-refused/fakebin/gh
+ :
+ set +e
+ run_pr_merge real
